folder,zone,species,x,y,z,yaw_deg,scale
Heroes,PadBamboo,T08_14,-348.23,230.65,-98.01,124.3,4.3384
Heroes,PadBamboo,T08_15,-374.97,257.44,-84.63,261.8,3.0566
Heroes,PadBamboo,T03_35,-196.90,204.78,80.66,130.8,3.0566
Heroes,PadBamboo,T08_16,-367.97,224.25,-64.86,39.2,3.0566
Heroes,PadBamboo,T08_18,-323.63,208.87,-64.86,314.1,3.0566
Heroes,PadBamboo,T09_12,-248.54,191.09,-41.88,311.8,3.2492
Heroes,PadBamboo,T02_32,-139.69,179.02,78.84,78.5,3.0566
Heroes,PadBamboo,T05_46,-339.97,221.18,75.07,202.8,3.0566
Heroes,PadBamboo,T05_45,-350.77,234.22,80.24,65.4,3.5496
Heroes,PadBamboo,T06_47,-398.26,229.46,64.43,340.3,3.0566
Heroes,PadBamboo,T02_33,-125.34,180.56,75.59,215.9,3.5496
Heroes,PadBamboo,T06_48,-390.09,238.79,85.83,117.7,3.5496
Heroes,PadBamboo,T13_22,-5.96,218.99,-161.45,144.0,3.9440
Heroes,PadBamboo,T01_27,49.53,206.51,140.32,26.6,2.7385
Heroes,PadBamboo,T05_42,-315.08,222.65,103.47,13.0,3.5496
Heroes,PadBamboo,T04_36,-194.99,233.26,112.01,268.3,3.0566
Heroes,PadBamboo,T05_41,-323.69,227.05,101.27,235.6,4.3384
Heroes,PadBamboo,T04_38,-154.68,196.70,99.82,183.2,3.0566
Heroes,PadBamboo,T01_27,22.85,206.51,124.37,297.3,2.7385
Heroes,PadBamboo,T09_12,-255.42,186.12,-40.12,252.9,3.2492
Heroes,PadBamboo,T07_50,-284.05,213.77,59.43,32.6,4.3384
Heroes,PadBamboo,T10_4,-202.07,217.15,-100.18,189.8,3.9440
Heroes,PadBamboo,T06_49,-362.04,227.28,70.40,255.2,3.9440
Heroes,PadBamboo,T10_3,-188.33,216.95,-105.47,52.4,3.5496
Heroes,PadBamboo,T13_21,4.77,216.14,-162.65,6.5,3.5496
Heroes,PadBamboo,T12_20,-134.25,164.97,-62.81,229.1,4.3384
Heroes,PadBamboo,T09_10,-286.41,239.89,-72.64,294.5,3.0566
Heroes,PadBamboo,T09_12,-262.85,183.58,-35.71,164.0,3.2492
Heroes,PadBamboo,T08_13,-339.40,229.25,-98.01,346.9,3.9440
Heroes,PadBamboo,T12_19,-123.89,164.45,-65.83,91.6,3.9440
Heroes,Heroes,DockHero_3,-342.96,189.53,-24.10,96.8,0.3846
Heroes,Heroes,SugiE,54.15,137.40,-58.35,39.2,0.9942
Heroes,Heroes,RimHero_Maple,-340.00,202.96,-51.00,131.8,1.0000
Heroes,Hero_new_CedarM,RedwoodTree-Var01,-5.70,150.67,70.40,284.4,0.2594
Heroes,Heroes,PineNiwakiF,20.43,200.41,116.55,279.1,1.0000
Heroes,Heroes,PoolIris_6,-349.00,189.47,12.00,238.0,1.0000
Heroes,Heroes,SugiD,52.95,130.81,44.33,0.0,0.9960
Heroes,Heroes,SugiC,16.40,158.66,-77.29,0.0,0.9988
Heroes,Heroes,PineNiwakiE,48.01,125.94,57.81,318.7,0.8427
Heroes,Heroes,MapleRed,-23.19,146.42,-59.16,347.8,1.5814
Heroes,Heroes,MapleGreen,-5.38,140.90,-55.09,277.8,1.0192
Heroes,Heroes,SugiSmart,42.78,133.09,-50.58,0.0,1.0017
Heroes,BambooGrove,Bamboo_2,-207.00,172.14,-23.00,137.5,4.3384
Heroes,BambooGrove,Bamboo_3,-206.00,170.79,-15.00,252.1,4.6835
Heroes,BambooGrove,Bamboo_1,-209.00,173.36,-31.00,34.4,4.9291
Heroes,Heroes,MapleGold,-28.44,139.26,-51.86,253.0,1.2115
Heroes,Heroes,RimHero_Katsura,-344.00,211.08,-58.00,40.1,1.0000
Heroes,Heroes,DockHero_1,-338.60,187.16,-12.03,0.0,1.0000
Heroes,Heroes,PineNiwakiB,-37.73,163.63,70.53,75.3,1.0000
Heroes,Heroes,PoolIris_1,-367.00,189.54,-2.00,24.0,1.0000
Heroes,Heroes,PoolIris_2,-345.00,187.73,-4.00,299.0,1.0000
Heroes,Heroes,MapleRed,-106.63,166.05,52.96,293.9,1.4850
Heroes,Heroes,SugiB,52.25,124.18,39.88,0.0,1.0011
Heroes,Hero_new_CedarS,RedwoodTree-Var01,55.20,123.53,56.26,125.9,0.1430
Heroes,Heroes,SugiF,49.75,135.39,-45.42,0.0,0.9953
Heroes,Heroes,PineNiwakiA,-19.37,175.36,91.07,34.3,1.0000
Heroes,Heroes,PineNiwakiC,56.13,114.88,50.66,202.1,0.7987
Heroes,Hero_new_FirM,RedwoodTree-Var01,41.99,158.56,88.71,251.6,0.3203
Heroes,Heroes,PoolIris_5,-358.00,188.75,18.00,95.0,1.0000
Heroes,Hero_new_FirM,RedwoodTree-Var01,16.29,179.19,106.29,251.6,0.1762
Heroes,Hero_new_CedarM,RedwoodTree-Var01,29.91,139.11,-84.31,284.4,0.2300
Heroes,Heroes,MapleRed,23.64,132.97,57.70,330.9,0.8692
Heroes,Heroes,DockIris_1,-365.63,188.01,-19.65,276.6,1.0000
Heroes,Heroes,MapleGold,28.81,129.73,56.07,212.3,0.9098
Heroes,Hero_new_CedarM,RedwoodTree-Var01,8.08,172.62,104.12,284.4,0.1707
Heroes,Heroes,MapleGreen,-6.44,145.65,-60.29,244.5,1.3516
Heroes,Heroes,MapleGold,-16.22,137.31,-51.35,128.4,0.9810
Heroes,Hero_new_CedarS,RedwoodTree-Var01,13.93,147.43,-87.84,251.8,0.1430
Heroes,Heroes,DockHero_2,-338.11,191.43,-25.00,0.0,0.5455
Heroes,Heroes,PoolIris_3,-369.00,188.68,15.00,137.0,1.0000
Heroes,Heroes,PoolIris_7,-345.00,188.83,-29.00,286.0,1.0000
Heroes,Hero_new_FirM,RedwoodTree-Var01,11.96,153.22,85.77,251.6,0.3203
Preserve,Core,XfSpruceYb,-187.85,160.66,-15.75,153.9,1.0021
Preserve,Core,XfSpruceMT,-335.46,200.48,38.84,175.8,1.1307
Preserve,Core,XfHinokiMT,-313.04,200.43,56.29,216.1,1.0153
Preserve,Core,XfFirMT,-100.12,149.67,36.73,310.4,0.9845
Preserve,Core,XfSpruceMT,-332.34,204.52,-52.83,111.1,1.0543
Preserve,Core,XfHinokiMT,-279.46,204.88,52.17,131.4,0.9775
Preserve,Core,XfHinokiMT,-233.44,220.52,-55.62,357.3,1.0029
Preserve,Core,XfSpruceYb,-385.00,218.32,-55.41,197.3,1.0020
Preserve,Core,XfHinokiT,-99.93,160.76,-43.42,82.4,1.2960
Preserve,Core,XfHinokiMT,-403.42,222.86,16.67,268.2,1.0238
Preserve,Core,XfHinokiMT,-231.30,196.93,-35.17,152.6,1.2707
Preserve,Core,XfFirYb,-383.04,213.76,-39.46,213.8,0.9752
Preserve,Core,XfHinokiMT,-224.70,191.76,-48.99,77.9,1.0360
Preserve,Core,XfHinokiYb,-100.10,155.79,-53.09,223.1,1.0283
Preserve,Core,XfSpruceMT,-386.92,213.25,20.82,288.7,1.0379
Preserve,Core,XfFirMT,-158.85,166.12,-31.48,272.1,1.1358
Preserve,Core,XfFirMT,-151.15,162.57,-39.81,338.6,0.9674
Preserve,Core,XfFirMT,-99.14,150.62,-36.30,227.7,0.9866
Preserve,Core,XfSpruceMT,-395.51,227.21,14.85,190.0,1.4088
Preserve,Core,XfFirMT,-153.03,164.07,31.49,225.2,1.3736
Preserve,Core,XfSpruceMT,-396.85,220.60,8.09,173.0,0.9850
Preserve,Core,XfHinokiMT,-416.43,250.10,59.77,338.9,1.1871
Preserve,Core,XfSpruceYb,-158.86,163.28,-46.86,249.9,1.1468
Preserve,Core,XfHinokiMT,-324.42,200.86,-52.85,169.8,1.0149
Preserve,Core,XfFirMT,-225.15,182.45,-20.98,333.4,1.0335
Preserve,Core,XfHinokiMT,-324.27,196.09,-36.31,263.8,1.0124
Preserve,Core,XfFirMT,-166.82,166.17,-39.88,6.6,0.9154
Preserve,Core,XfHinokiT,-91.05,158.45,-44.51,311.3,0.9618
Preserve,Core,XfFirMT,-160.19,168.88,-40.71,129.9,1.4074
Preserve,Core,XfFirMT,-107.50,151.49,35.54,359.1,0.9581
Preserve,Core,XfHinokiYb,-215.77,171.43,-43.79,326.0,1.1276
Preserve,Core,XfHinokiMT,-408.92,243.83,59.60,304.6,1.0860
Preserve,Core,XfFirYb,-92.31,157.02,-52.43,76.6,0.9326
Preserve,Core,XfFirMT,-160.63,163.82,40.34,116.4,1.0612
Preserve,Core,XfSpruceMT,-395.61,220.99,23.48,59.4,1.0940
Preserve,Core,XfFirMT,-106.85,154.71,45.06,253.2,1.0837
Preserve,Core,XfSpruceMT,-315.31,197.94,-43.64,287.1,1.1082
Preserve,Core,XfFirYb,-144.66,153.60,31.30,173.9,0.9233
Preserve,Core,XfSpruceMT,-160.70,163.53,23.71,205.6,1.0803
Preserve,Core,XfHinokiYb,-416.72,233.52,53.20,265.6,1.0640
Preserve,Core,XfFirYb,-91.14,145.03,-36.93,243.2,1.0924
Preserve,Core,XfSpruceMT,-324.51,201.21,-44.10,352.7,1.2694
Preserve,Core,XfFirYb,-196.88,163.24,-15.65,326.0,0.9347
Preserve,Core,XfHinokiMT,-330.97,202.41,-44.86,304.5,1.1239
Preserve,Core,XfFirMT,-211.88,169.90,-7.72,10.1,0.8580
Preserve,Core,XfSpruceMT,-197.08,168.31,-0.31,39.7,0.9976
Preserve,Core,XfFirYb,-215.18,166.79,-37.11,122.7,0.8960
Preserve,Core,XfHinokiMT,-403.18,228.44,51.95,171.4,1.0785
Preserve,Core,XfFirMT,-196.05,168.81,-7.92,84.9,1.1011
Preserve,Core,XfFirMT,-117.17,154.15,35.02,94.8,0.9443
Preserve,Core,XfFirMT,-152.44,165.89,-48.89,163.1,1.1049
Preserve,Core,XfHinokiYb,-328.81,190.65,31.48,8.8,1.1296
Preserve,Core,XfSpruceYb,-203.31,162.57,-8.39,255.2,1.0547
Preserve,Core,XfSpruceYb,-159.04,157.27,31.88,6.6,1.0407
Preserve,Core,XfFirYb,-376.93,216.61,-48.56,76.3,1.0021
Preserve,Core,XfHinokiMT,-100.08,152.06,43.56,12.1,1.1072
Preserve,Core,XfSpruceMT,-152.81,161.31,23.17,65.4,0.9699
Preserve,Core,XfFirMT,-107.61,157.41,52.32,11.5,0.9205
Preserve,Core,XfFirYb,-392.97,214.70,-48.43,140.2,0.9966
Preserve,Core,XfHinokiYb,-288.45,196.11,53.10,73.1,1.1249
Preserve,Core,XfSpruceMT,-384.66,224.21,-47.43,225.6,1.3776
Preserve,Core,XfSpruceYb,-144.56,153.51,25.04,156.4,0.9989
Preserve,Core,XfHinokiYb,-304.01,196.64,55.71,1.5,0.9640
Preserve,Core,XfHinokiMT,-228.64,180.84,-27.72,180.0,0.8809
Preserve,Core,XfFirMT,-204.13,169.81,-0.86,91.9,1.0967
Preserve,Core,XfHinokiYb,-286.84,207.00,59.26,315.9,0.9608
Preserve,Core,XfHinokiMT,-401.01,224.97,60.39,230.3,0.8779
Preserve,Core,XfFirMT,-205.04,167.15,-15.26,77.0,0.8582
Preserve,Core,XfSpruceMT,-187.62,166.76,-7.60,132.2,0.8881
Preserve,Core,XfHinokiT,-335.79,203.72,32.02,108.2,1.3017
Preserve,Core,XfFirMT,-218.81,184.61,-27.05,27.8,0.9358
Preserve,Core,XfSpruceYb,-168.78,165.85,-46.86,318.7,0.9292
Preserve,Core,XfFirMT,-168.48,167.22,-32.30,87.4,1.1467
Preserve,Core,XfHinokiMT,-294.95,204.59,56.36,256.2,1.3222
Preserve,Core,XfHinokiYb,-99.16,161.75,-60.57,253.7,1.1402
Preserve,Core,XfHinokiT,-335.16,198.68,24.52,264.8,1.0636
Preserve,Core,XfSpruceMT,-343.94,198.88,32.56,358.6,0.8902
Preserve,Grove_HighShoulder,XfHinokiYb,-380.89,200.52,17.14,116.8,1.1440
Preserve,Grove_HighShoulder,XfSpruceMT,-380.05,210.27,31.47,212.5,0.8502
Preserve,Grove_HighShoulder,XfSpruceMT,-378.85,211.06,22.93,18.8,1.3943
Preserve,Grove_HighShoulder,XfSpruceYb,-371.49,204.58,31.51,45.6,1.0592
Preserve,Grove_HighShoulder,XfSpruceMT,-387.79,212.92,31.46,250.7,0.9344
Preserve,Grove_HighShoulder,XfHinokiMT,-372.95,205.82,24.64,318.4,1.0623
Preserve,Grove_HighShoulder,ASSW,-387.69,211.82,24.00,106.1,1.1456
Preserve,Grove_Maple,XfMapleM,-347.22,202.72,-51.42,33.0,0.9627
Preserve,Grove_Maple,XfMapleM,-359.16,204.92,-48.32,150.3,0.9338
Preserve,Grove_Maple,XfMapleA,-352.55,205.25,-47.93,347.7,1.0839
Preserve,Grove_Maple,XfMapleM,-356.50,203.76,-53.12,152.7,0.8629
Preserve,Grove_Maple,XfMapleM,-355.04,202.81,-44.71,288.4,0.9914
Preserve,Grove_Maple,XfMapleA,-347.37,202.23,-44.53,311.6,0.9742
Preserve,Grove_Maple,XfMapleM,-351.79,204.70,-57.15,18.9,0.9637
Preserve,Grove_SouthBench,XfSugi25T,-336.59,200.92,40.72,168.4,1.0529
Preserve,Grove_SouthBench,XfHinokiMT,-343.27,198.18,33.02,154.0,0.9040
Preserve,Grove_SouthBench,XfSugi25T,-336.41,197.69,23.67,5.9,1.1415
Preserve,Grove_SouthBench,XfHinokiYb,-345.11,192.98,25.16,228.5,1.0745
Preserve,Grove_SouthBench,XfHinokiMT,-328.99,195.30,30.80,349.8,0.9982
Preserve,Grove_SouthBench,XfSugi25T,-326.94,195.90,23.22,341.3,0.9710
Preserve,Grove_SouthBench,XfHinokiMT,-335.45,198.35,32.34,298.6,1.1587
Preserve,Grove_SouthBench,XfHinokiMT,-327.55,198.48,39.20,346.5,1.0385
Preserve,Grove_SouthBench,XfHinokiMT,-343.24,200.39,40.25,208.2,0.9211
Preserve,Grove_Sugi,SugiHero_SugiSmart,-283.03,191.57,-24.53,245.6,1.1509
Preserve,Grove_Sugi,SugiHero_SugiSmart,-287.56,188.98,-19.22,24.4,1.0584
Preserve,Grove_Sugi,SugiHero_SugiD,-291.38,196.20,-23.28,127.1,1.0781
Preserve,Grove_Sugi,SugiHero_SugiSmart,-294.91,189.36,-19.56,45.5,0.8677
Preserve,Grove_Sugi,XfSugiYb,-276.48,178.09,-23.12,328.6,0.8558
Preserve,Grove_Sugi,SugiHero_SugiE,-299.88,199.79,-23.97,300.4,0.9440
Preserve,DockSite,XfFirMT,-440.00,282.63,-20.00,258.0,1.1339
Preserve,CoreUnder,XfSpruceYb,-312.00,190.34,-44.00,358.7,1.0311
Preserve,CoreUnder,XfSpruceYb,-115.00,148.88,30.81,135.9,1.1470
Preserve,CoreUnder,XfHinokiYb,-304.00,193.68,52.00,11.9,0.8936
Preserve,CoreUnder,XfSpruceYb,-408.00,219.64,28.00,158.8,0.5622
Preserve,CoreUnder,XfSpruceYb,-316.00,188.24,28.00,60.7,1.1037
Preserve,CoreUnder,XfFirYb,-400.00,215.53,28.00,309.4,0.5994
Preserve,CoreUnder,XfSpruceYb,-352.00,195.65,28.00,61.2,1.0799
Preserve,CoreUnder,XfSpruceYb,-288.00,180.60,-24.00,15.7,1.0528
Preserve,CoreUnder,XfSugiYb,-348.00,193.32,20.00,148.1,1.1139
Preserve,CoreUnder,XfFirYb,-192.00,162.99,-8.00,109.0,0.9788
Preserve,CoreUnder,XfSugiYb,-412.00,238.84,-52.00,311.3,1.0400
Preserve,CoreUnder,XfHinokiYb,-188.00,160.16,-20.00,242.9,0.7180
Preserve,CoreUnder,XfSpruceYb,-316.00,193.36,-52.00,70.7,0.8623
Preserve,CoreUnder,XfSugiYb,-316.00,188.96,-32.00,55.7,0.9015
Preserve,CoreUnder,XfFirYb,-416.00,224.22,24.00,15.8,1.1164
Preserve,CoreUnder,XfSpruceYb,-112.00,151.38,48.00,24.8,0.9047
Preserve,CoreUnder,XfFirYb,-288.00,207.19,60.00,72.3,1.0835
Preserve,CoreUnder,XfHinokiYb,-420.00,245.15,60.00,215.4,0.6873
Preserve,CoreUnder,XfFirYb,-204.70,161.99,-12.37,309.8,0.8861
Preserve,CoreUnder,XfFirYb,-404.82,218.47,28.95,144.6,0.7059
Preserve,CoreUnder,XfHinokiYb,-336.00,199.83,-56.00,232.0,0.6859
Preserve,CoreUnder,XfHinokiYb,-196.00,163.37,-16.00,239.8,0.9446
Preserve,CoreUnder,XfFirYb,-336.00,189.70,20.00,206.9,1.0051
Preserve,CoreUnder,XfFirYb,-414.32,235.46,52.58,89.5,0.7255
Preserve,CoreUnder,XfHinokiYb,-400.00,220.09,52.00,307.6,0.6186
Preserve,CoreUnder,XfFirYb,-396.00,231.44,-60.00,69.5,0.6994
Preserve,CoreUnder,XfSugiYb,-204.00,163.75,-20.00,325.8,1.0054
Preserve,CoreUnder,XfSpruceYb,-313.68,192.42,-47.69,70.3,1.0277
Preserve,CoreUnder,XfFirYb,-312.00,192.02,44.00,5.1,0.8669
Preserve,CoreUnder,XfFirYb,-200.00,162.93,-8.00,319.6,0.8738
Preserve,CoreUnder,XfSpruceYb,-380.00,200.40,20.00,201.7,0.9035
Preserve,CoreUnder,XfSpruceYb,-112.00,159.47,56.00,65.9,0.8889
Preserve,CoreUnder,XfSpruceYb,-305.51,188.02,-41.69,184.9,0.9360
Preserve,CoreUnder,XfSugiYb,-104.00,158.04,-56.00,7.4,0.8675
Preserve,CoreUnder,XfSpruceYb,-148.00,154.46,28.00,278.3,0.9113
Preserve,CoreUnder,XfSpruceYb,-404.00,238.49,-56.00,124.7,1.1345
Preserve,CoreUnder,XfFirYb,-197.34,163.51,-4.43,79.2,1.0767
Preserve,CoreUnder,XfHinokiYb,-380.00,214.95,-40.00,168.6,0.8785
Preserve,CoreUnder,XfFirYb,-336.00,192.80,32.00,24.3,1.0803
Preserve,CoreUnder,XfSpruceYb,-304.73,187.75,-38.73,274.7,0.5826
Preserve,CoreUnder,XfHinokiYb,-108.58,152.17,52.84,290.1,1.0200
Preserve,CoreUnder,XfHinokiYb,-380.00,216.76,-56.00,144.6,1.0256
Preserve,CoreUnder,XfSpruceYb,-340.00,194.56,40.00,35.9,1.1005
Preserve,CoreUnder,XfSpruceYb,-216.00,172.18,-4.00,68.9,1.0686
Preserve,CoreUnder,XfSpruceYb,-308.00,187.35,-36.00,203.8,0.5813
Preserve,CoreUnder,XfHinokiYb,-212.00,164.61,-20.00,228.8,0.6485
Preserve,CoreUnder,XfFirYb,-120.00,148.51,28.00,38.4,1.1009
Preserve,CoreUnder,XfFirYb,-340.00,197.87,-44.00,236.5,1.0736
Preserve,CoreUnder,XfSugiYb,-216.00,171.05,-12.00,189.9,0.9459
Preserve,CoreUnder,XfHinokiYb,-340.00,189.89,12.00,62.6,0.6377
Preserve,CoreUnder,XfFirYb,-220.00,178.22,-20.00,195.3,1.0440
Preserve,CoreUnder,XfFirYb,-384.00,205.41,28.00,78.0,0.7299
Preserve,CoreUnder,XfFirYb,-216.00,171.33,-44.00,183.5,1.0603
Preserve,CoreUnder,XfSpruceYb,-112.00,146.01,28.00,23.3,0.8951
Preserve,CoreUnder,XfFirYb,-332.00,193.31,40.00,306.4,1.0205
Preserve,CoreUnder,XfSpruceYb,-312.00,195.13,56.00,71.5,0.7053
Preserve,CoreUnder,XfFirYb,-208.00,162.82,-12.00,5.4,0.9119
Preserve,CoreUnder,XfHinokiYb,-102.63,157.59,56.71,160.3,1.0714
Preserve,CoreUnder,XfSpruceYb,-340.00,197.29,52.00,115.2,0.6908
Preserve,CoreUnder,XfSpruceYb,-208.00,164.02,-4.00,60.1,1.0336
Preserve,CoreUnder,XfHinokiYb,-376.00,204.94,32.00,126.1,0.5882
Preserve,CoreUnder,XfFirYb,-104.00,154.11,-44.00,79.5,0.7079
Preserve,CoreUnder,XfSpruceYb,-160.00,170.50,-60.00,277.6,0.5985
Preserve,CoreUnder,XfSpruceYb,-96.00,152.61,-48.00,323.1,0.6355
Preserve,CoreUnder,XfSpruceYb,-328.00,198.53,-56.00,277.3,0.8627
Preserve,CoreUnder,XfHinokiYb,-376.00,214.86,-32.00,349.3,0.6454
Preserve,CoreUnder,XfHinokiYb,-369.26,215.52,-56.46,0.3,0.9617
Preserve,CoreUnder,XfFirYb,-384.00,215.32,-48.00,65.3,0.6590
Preserve,CoreUnder,XfSpruceYb,-384.00,205.43,12.00,254.2,0.8567
Preserve,CoreUnder,XfFirYb,-104.00,145.04,-32.00,132.1,1.0949
Preserve,CoreUnder,XfSugiYb,-332.00,194.95,48.00,243.5,0.9931
Preserve,CoreUnder,XfHinokiYb,-104.00,154.27,52.00,27.1,0.9118
Preserve,CoreUnder,XfSpruceYb,-231.37,188.87,-32.46,42.7,0.7244
Preserve,CoreUnder,XfSpruceYb,-328.00,191.08,-32.00,309.0,1.1050
Preserve,CoreUnder,XfHinokiYb,-368.00,196.80,24.00,310.2,0.6096
Preserve,CoreUnder,XfSpruceYb,-160.00,159.58,-40.00,309.1,0.5767
Preserve,CoreUnder,XfHinokiYb,-160.00,157.44,-24.00,343.3,0.7042
Preserve,CoreUnder,XfFirYb,-184.00,159.93,-12.00,313.0,0.9243
Preserve,CoreUnder,XfSpruceYb,-332.00,195.19,-40.00,204.7,0.6598
Preserve,CoreUnder,XfFirYb,-156.00,158.13,-32.00,263.3,1.0784
Preserve,CoreUnder,XfSpruceYb,-368.00,202.72,32.00,152.8,1.1307
Preserve,CoreUnder,XfHinokiYb,-156.00,156.97,36.00,131.3,1.1023
Preserve,CoreUnder,XfSpruceYb,-332.00,197.56,-48.00,89.5,1.0579
Preserve,CoreUnder,XfSpruceYb,-96.00,143.53,-32.00,307.0,0.9511
Preserve,CoreUnder,XfSpruceYb,-93.14,142.22,-27.88,114.9,0.9308
Preserve,CoreUnder,XfSpruceYb,-376.00,216.64,-48.00,115.0,1.0316
Preserve,CoreUnder,XfSugiYb,-296.00,195.61,52.00,290.3,0.9404
Preserve,CoreUnder,XfHinokiYb,-392.00,213.29,20.00,103.7,1.1480
Preserve,CoreUnder,XfHinokiYb,-368.00,217.43,-44.00,263.6,1.1176
Preserve,CoreUnder,XfHinokiYb,-96.00,149.98,48.00,55.7,1.0595
Preserve,CoreUnder,XfHinokiYb,-159.92,157.26,37.23,114.4,0.9047
Preserve,CoreUnder,XfFirYb,-392.00,208.22,28.00,332.4,0.6937
Preserve,CoreUnder,XfHinokiYb,-224.00,179.80,-28.00,167.1,1.0718
Preserve,CoreUnder,XfSugiYb,-300.00,184.03,-20.00,153.7,1.0552
Preserve,CoreUnder,XfHinokiYb,-228.21,199.86,-52.10,116.8,1.0532
Preserve,CoreUnder,XfSpruceYb,-96.27,147.08,-41.32,97.7,0.5771
Preserve,CoreUnder,XfHinokiYb,-372.00,218.23,-60.00,77.1,1.0955
Preserve,CoreUnder,XfHinokiYb,-152.00,162.87,-56.00,80.3,1.0395
Preserve,CoreUnder,XfHinokiYb,-360.00,197.04,28.00,169.1,0.9859
Preserve,CoreUnder,XfHinokiYb,-276.00,201.37,52.00,103.4,0.8588
Preserve,CoreUnder,XfSpruceYb,-91.70,145.22,-35.55,53.4,1.1453
Preserve,CoreUnder,XfHinokiYb,-356.00,199.00,36.00,246.8,0.5802
Preserve,CoreUnder,XfHinokiYb,-232.00,200.69,-48.00,249.3,1.0097
Preserve,CoreUnder,XfSugiYb,-151.32,157.50,-38.50,93.4,1.0798
Preserve,CoreUnder,XfFirYb,-352.00,202.18,-56.00,104.5,0.8998
Preserve,CoreUnder,XfHinokiYb,-156.19,156.26,29.02,255.1,1.0684
Preserve,CoreUnder,XfSpruceYb,-388.00,223.70,-60.00,137.5,0.6981
Preserve,CoreUnder,XfHinokiYb,-272.00,209.22,60.00,165.7,0.9511
Preserve,CoreUnder,XfFirYb,-320.00,195.44,52.00,112.8,0.9596
Preserve,CoreUnder,XfSpruceYb,-168.00,168.86,-52.00,257.7,0.7455
Preserve,CoreUnder,XfHinokiYb,-416.17,244.39,61.91,313.6,0.7179
Preserve,CoreUnder,XfSpruceYb,-306.69,187.98,-41.51,221.8,0.5912
Preserve,CoreUnder,XfHinokiYb,-320.00,186.70,20.00,340.2,0.6101
Preserve,CoreUnder,XfSugiYb,-152.00,158.61,-44.00,94.0,0.9460
Preserve,CoreUnder,XfHinokiYb,-320.00,189.92,36.00,68.5,0.6575
Preserve,CoreUnder,XfSugiYb,-148.87,156.48,-40.69,148.0,1.0637
Preserve,CoreUnder,XfHinokiYb,-344.00,193.57,32.00,302.5,0.7147
Preserve,CoreUnder,XfFirYb,-180.00,160.67,-20.00,85.2,0.8521
Preserve,CoreUnder,XfFirYb,-164.00,161.44,44.00,143.6,1.1423
Preserve,CoreUnder,XfHinokiYb,-320.00,200.85,-60.00,69.1,0.9916
Preserve,CoreUnder,XfSpruceYb,-148.00,155.94,-28.00,229.4,0.9860
Preserve,CoreUnder,XfSpruceYb,-236.00,192.76,-36.00,81.7,0.7414
Preserve,CoreUnder,XfSpruceYb,-356.00,200.33,-44.00,291.2,1.0523
Preserve,CoreUnder,XfSpruceYb,-152.00,155.62,20.00,208.8,0.6281
Preserve,CoreUnder,XfSugiYb,-264.00,183.64,40.00,225.8,0.9637
Preserve,CoreUnder,XfHinokiYb,-320.00,191.54,-40.00,359.6,0.9363
Preserve,CoreUnder,XfHinokiYb,-324.00,193.29,44.00,153.8,0.6897
Preserve,CoreUnder,XfSpruceYb,-392.00,218.51,-52.00,193.5,0.7338
Preserve,CoreUnder,XfSpruceYb,-348.62,199.47,48.21,346.0,0.7362
Preserve,CoreUnder,XfSpruceYb,-344.00,199.92,-52.00,324.8,0.8595
Preserve,CoreUnder,XfFirYb,-324.00,188.93,-12.00,65.0,1.0774
Preserve,CoreUnder,XfFirYb,-326.77,188.91,-18.36,82.9,0.8582
Preserve,CoreUnder,XfFirYb,-348.00,197.77,-44.00,45.8,0.7435
Preserve,CoreUnder,XfFirYb,-172.14,159.12,26.51,13.5,0.6305
Preserve,CoreUnder,XfSpruceYb,-168.00,160.55,-32.00,307.3,1.0295
Preserve,CoreUnder,XfFirYb,-161.77,156.07,27.13,26.4,0.7092
Preserve,CoreUnder,XfFirYb,-168.00,157.83,28.00,36.0,0.7317
Preserve,CoreUnder,XfSugiYb,-324.00,195.42,-48.00,138.5,0.9533
Preserve,CoreUnder,XfFirYb,-168.00,162.26,-44.00,132.0,1.1271
Preserve,CoreUnder,XfSpruceYb,-348.00,197.53,44.00,134.6,0.5683
Preserve,CoreUnder,XfFirYb,-328.00,189.70,16.00,112.4,0.8883
Preserve,CoreUnder,XfSugiYb,-168.00,159.78,-24.00,104.9,1.1494
Preserve,CoreUnder,XfSpruceYb,-328.00,190.26,32.00,302.1,0.9215
Preserve,CoreUnder,XfSpruceYb,-161.59,161.77,50.23,208.7,1.1324
Preserve,CoreUnder,XfSpruceYb,-164.00,166.09,56.00,237.7,1.0734
Preserve,CoreUnder,XfSpruceYb,-169.19,169.80,57.92,93.0,1.1100
Preserve,CoreUnder,XfHinokiYb,-168.00,160.31,36.00,305.1,0.6475
Preserve,CoreUnder,XfFirYb,-308.00,185.84,-28.00,76.5,0.7018
Preserve,CoreUnder,XfHinokiYb,-164.00,157.26,16.00,77.7,1.0331
Preserve,FallsClearing,XfHinokiYb,-116.00,144.75,4.00,149.0,0.9492
Preserve,FallsClearing,XfHinokiMT,-92.00,145.27,12.00,320.8,1.0058
Preserve,Margin,ReedClump,-149.73,149.35,-4.97,1.6,0.9484
Preserve,Margin,IrisB,-135.39,149.50,-0.13,120.6,0.8363
Preserve,Margin,TallWeeds,-195.63,158.20,7.74,340.4,0.4303
Preserve,Margin,TallWeeds,-212.38,156.99,3.95,187.8,0.5072
Preserve,Margin,TallWeeds,-135.29,149.38,2.98,336.5,0.5819
Preserve,Margin,ReedClump,-225.04,173.20,15.03,255.0,0.7899
Preserve,Margin,ReedClump,-145.66,147.30,-2.93,332.4,1.2496
Preserve,Margin,FernClump,-395.71,215.04,-39.41,107.8,0.7817
Preserve,Margin,TallWeeds,-175.11,153.40,-8.01,134.9,0.5873
Preserve,Margin,IrisB,-387.83,212.36,-35.86,330.9,0.9118
Preserve,Margin,FernClump,-419.58,217.60,-27.85,331.4,1.1913
Preserve,Margin,TallWeeds,-192.55,157.88,9.82,337.0,0.8204
Preserve,Margin,ReedClump,-303.46,182.72,-4.03,357.3,1.2392
Preserve,Margin,IrisA,-206.76,159.64,4.58,339.4,1.1571
Preserve,Margin,FernClump,-148.16,152.14,-8.48,100.4,1.0184
Preserve,Margin,ReedClump,-391.64,209.11,0.13,229.0,0.4740
Preserve,Margin,WeedStalks,-395.93,211.64,-35.99,192.0,0.9486
Preserve,Margin,WeedStalks,-227.59,176.04,27.38,175.1,0.7564
Preserve,Margin,TallWeeds,-345.63,186.58,-5.13,19.4,1.1927
Preserve,Margin,IrisB,-265.03,176.56,19.57,255.7,1.1442
Preserve,Margin,TallWeeds,-124.46,142.52,-10.30,337.4,1.0178
Preserve,Margin,ReedClump,-181.39,155.01,1.79,186.1,0.9502
Preserve,Margin,ReedClump,-393.44,210.53,-36.27,294.3,0.9179
Preserve,Margin,ReedClump,-153.09,150.70,-6.30,48.0,0.9838
Preserve,Margin,WeedStalks,-370.16,189.20,11.27,19.7,0.8924
Preserve,Margin,TallWeeds,-135.26,149.23,5.03,214.9,0.5002
Preserve,Margin,WeedStalks,-344.02,186.08,-2.62,23.2,1.2070
Preserve,Margin,TallWeeds,-178.63,156.48,2.86,188.6,1.0911
Preserve,Margin,TallWeeds,-122.83,143.45,-14.37,326.4,1.2017
Preserve,Margin,ReedClump,-388.02,212.23,2.45,256.4,0.9046
Preserve,Margin,ReedClump,-388.39,211.55,-37.85,64.5,0.8621
Preserve,Margin,ReedClump,-140.53,148.38,0.71,269.1,0.7662
Preserve,Margin,FernClump,-230.26,176.87,27.99,30.0,1.2265
Preserve,Margin,FernClump,-163.94,151.74,-9.76,121.6,0.8265
Preserve,Margin,TallWeeds,-194.10,158.01,11.18,334.3,0.6807
Preserve,Margin,TallWeeds,-363.68,189.49,20.51,53.9,0.6384
Preserve,Margin,WeedStalks,-275.18,175.14,-18.71,303.6,0.9728
Preserve,Margin,ReedClump,-259.89,175.33,-27.92,108.2,0.8788
Preserve,Margin,IrisA,-279.82,177.17,-19.71,164.4,0.9254
Preserve,Margin,IrisA,-388.65,212.26,-0.08,71.4,0.8096
Preserve,Margin,ReedClump,-153.38,150.57,-14.54,342.4,0.9208
Preserve,Margin,TallWeeds,-170.70,150.74,-9.07,298.8,0.6240
Preserve,Margin,TallWeeds,-156.10,155.11,-3.40,109.9,1.0415
Preserve,Margin,TallWeeds,-193.25,159.24,9.32,46.9,1.0797
Preserve,Margin,ReedClump,-263.20,176.01,18.27,192.5,1.1860
Preserve,Margin,IrisB,-121.15,144.48,-19.31,340.5,0.9302
Preserve,Margin,ReedClump,-419.92,214.43,-23.63,137.1,0.6020
Preserve,Margin,ReedClump,-360.14,189.24,21.70,38.7,1.1131
Preserve,Margin,IrisB,-286.25,176.25,-15.74,193.8,0.9687
Preserve,Margin,WeedStalks,-384.91,211.90,-36.61,161.3,0.9140
Preserve,Margin,ReedClump,-194.45,158.91,18.98,336.8,0.5153
Preserve,Margin,TallWeeds,-173.63,150.43,-9.99,149.4,0.6115
Preserve,Margin,IrisB,-167.42,152.09,-8.58,95.6,1.1963
Preserve,Margin,ReedClump,-120.76,144.94,-23.21,122.3,0.8042
Preserve,Margin,WeedStalks,-196.74,158.67,16.75,110.8,1.0832
Preserve,Margin,TallWeeds,-227.96,176.35,29.51,146.6,1.1041
Preserve,Margin,ReedClump,-418.64,214.03,-13.71,135.2,0.8474
Preserve,Margin,WeedStalks,-295.32,177.15,8.63,84.6,1.0412
Preserve,Margin,WeedStalks,-297.65,175.92,-9.15,232.9,0.8435
Preserve,Margin,ReedClump,-277.53,175.35,-18.07,245.9,0.9893
Preserve,Margin,TallWeeds,-198.91,160.01,7.46,42.7,0.8776
Preserve,Margin,ReedClump,-384.81,210.04,-29.42,348.2,0.5222
Preserve,Margin,ReedClump,-120.63,144.01,4.53,271.8,1.0719
Preserve,Margin,ReedClump,-160.01,153.16,-16.03,126.3,0.9624
Preserve,Margin,ReedClump,-167.15,150.56,-12.14,325.2,1.0010
Preserve,Margin,IrisA,-380.25,209.81,-2.80,283.2,1.1566
Preserve,Margin,TallWeeds,-388.27,210.46,-27.41,241.6,0.9752
Preserve,Margin,ReedClump,-135.45,147.31,-4.17,342.6,1.0039
Preserve,Margin,ReedClump,-173.04,152.72,-6.59,68.6,1.0195
Preserve,Margin,ReedClump,-386.07,210.35,-27.69,91.1,0.9222
Preserve,Margin,FernClump,-406.15,214.97,-38.82,83.5,0.9598
Preserve,Margin,ReedClump,-256.02,174.25,19.93,19.8,0.9539
Preserve,Margin,WeedStalks,-317.19,185.89,14.77,325.4,1.2229
Preserve,Margin,ReedClump,-387.69,210.49,-31.36,14.5,1.2414
Preserve,Margin,WeedStalks,-157.91,155.32,-4.66,324.7,1.2115
Preserve,Margin,TallWeeds,-101.70,139.53,3.12,95.2,0.5856
Preserve,Margin,ReedClump,-295.76,173.82,3.91,71.2,0.4445
Preserve,Margin,IrisB,-384.46,212.13,-13.21,38.3,0.9002
Preserve,Margin,WeedStalks,-209.75,158.81,4.67,264.0,0.8546
Preserve,Margin,ReedClump,-382.35,207.34,-9.72,276.0,0.8083
Preserve,Margin,TallWeeds,-257.69,174.72,23.23,144.7,0.4905
Preserve,Margin,ReedClump,-389.00,210.20,-33.17,111.8,1.0850
Preserve,Margin,ReedClump,-312.00,182.49,-3.98,70.0,0.6079
Preserve,Margin,TallWeeds,-165.68,151.15,-6.93,354.2,0.8081
Preserve,Margin,WeedStalks,-106.10,139.01,-13.78,346.8,1.2130
Preserve,Margin,ReedClump,-384.38,209.88,-3.30,342.9,0.9247
Preserve,Margin,TallWeeds,-103.44,140.27,-17.10,347.2,0.9446
Preserve,Margin,FernClump,-407.72,213.57,7.49,240.0,0.7652
Preserve,Margin,WeedStalks,-162.67,151.70,-7.17,42.7,0.8962
Preserve,Margin,TallWeeds,-270.12,176.51,-25.78,245.9,0.7847
Preserve,Margin,ReedClump,-103.07,137.86,-12.69,293.4,0.9871
Preserve,Margin,ReedClump,-315.59,183.80,12.07,153.3,1.0251
Preserve,Margin,FernClump,-202.68,160.53,3.66,230.4,0.8755
Preserve,Margin,ReedClump,-119.11,142.18,-5.83,272.7,0.4502
Preserve,Margin,ReedClump,-313.84,182.68,-5.73,90.3,0.4876
Preserve,Margin,TallWeeds,-303.19,180.81,2.66,144.6,1.0785
Preserve,Margin,ReedClump,-168.14,151.75,-11.03,331.3,1.1759
Preserve,Margin,IrisB,-104.00,140.89,-14.58,43.2,0.9424
Preserve,Margin,ReedClump,-164.65,153.85,-17.50,243.7,1.0608
Preserve,Margin,ReedClump,-384.14,212.07,-20.15,192.7,0.5839
Preserve,Margin,ReedClump,-331.62,188.14,6.72,135.8,0.7906
Preserve,Margin,ReedClump,-417.87,212.70,-9.70,112.4,0.9544
Preserve,Margin,ReedClump,-168.77,153.36,-17.96,200.5,0.4657
Preserve,Margin,TallWeeds,-383.47,212.19,-18.11,176.1,0.6003
Preserve,Margin,ReedClump,-417.78,211.58,-12.83,321.6,0.8214
Preserve,Margin,ReedClump,-328.47,186.98,7.74,92.2,0.9566
Preserve,Margin,WeedStalks,-293.78,177.41,-8.47,34.5,0.9244
Preserve,Margin,ReedClump,-268.93,173.79,-21.09,121.7,0.5360
Preserve,Margin,ReedClump,-340.34,189.90,3.42,40.2,0.5502
Preserve,Margin,WeedStalks,-342.06,186.11,-4.73,18.1,1.0414
Preserve,Margin,ReedClump,-116.93,144.20,-3.06,190.3,1.0272
Preserve,Margin,WeedStalks,-362.51,190.49,19.65,266.5,1.1347
Preserve,Margin,TallWeeds,-343.05,188.05,-0.26,57.3,1.2109
Preserve,Margin,ReedClump,-305.91,183.17,-3.68,59.7,1.0253
Preserve,Margin,ReedClump,-265.64,174.60,-23.25,294.8,0.8674
Preserve,Margin,FernClump,-120.61,143.14,-3.24,129.4,0.9672
Preserve,Margin,IrisA,-304.09,181.79,4.89,219.3,0.8165
Preserve,Margin,IrisA,-120.97,143.15,-6.66,162.7,1.2137
Preserve,Margin,ReedClump,-112.90,137.88,-15.71,233.5,0.3767
Preserve,Margin,FernClump,-187.38,161.83,-7.07,218.5,0.9866
Preserve,Margin,WeedStalks,-375.31,189.28,-0.25,242.7,0.8410
Preserve,Margin,TallWeeds,-382.75,210.33,-5.51,64.5,0.8540
Preserve,Margin,WeedStalks,-157.07,156.13,-0.68,190.9,0.9726
Preserve,Margin,TallWeeds,-376.42,207.18,-13.70,202.0,0.8898
Preserve,Margin,ReedClump,-378.39,208.33,-12.09,288.1,0.8780
Preserve,Margin,ReedClump,-373.66,187.18,-13.69,107.4,0.7908
Preserve,Margin,ReedClump,-286.23,176.10,8.47,205.4,1.2379
Preserve,Margin,ReedClump,-151.63,150.09,-17.48,349.9,1.0598
Preserve,Margin,IrisA,-296.67,176.38,-7.18,221.4,0.8475
Preserve,Margin,ReedClump,-385.17,210.82,-1.44,296.2,0.8961
Preserve,Margin,FernClump,-148.64,153.22,-16.73,287.9,0.7908
Preserve,Margin,ReedClump,-368.67,189.24,-16.11,17.7,0.9627
Preserve,Margin,TallWeeds,-291.12,179.77,-18.60,77.7,1.2178
Preserve,Margin,TallWeeds,-288.86,175.30,-17.59,37.8,0.8487
Preserve,Margin,IrisA,-365.86,190.37,19.10,149.0,0.9910
Preserve,Margin,TallWeeds,-290.25,174.88,-13.69,358.5,0.8234
Preserve,Margin,IrisA,-100.49,137.96,0.40,18.7,1.1409
Preserve,Margin,ReedClump,-383.61,212.54,-15.08,192.8,1.0920
Preserve,Margin,ReedClump,-291.52,177.50,-16.33,208.5,0.4215
Preserve,Margin,ReedClump,-263.69,174.21,16.02,112.8,0.9647
Preserve,Margin,IrisA,-187.53,160.99,-4.12,31.5,1.1590
Preserve,Margin,TallWeeds,-367.32,188.83,16.22,309.1,1.2325
Preserve,Margin,IrisB,-188.59,157.33,8.29,320.3,0.8585
Preserve,Margin,TallWeeds,-110.33,138.37,-14.12,49.4,0.6865
Preserve,Margin,ReedClump,-367.96,186.46,-13.74,262.4,0.5708
Preserve,Margin,ReedClump,-102.92,136.55,-3.61,302.7,0.3773
Preserve,Margin,WeedStalks,-108.07,139.17,-7.68,183.6,0.9006
Preserve,Margin,TallWeeds,-295.99,179.39,-16.17,190.0,0.9026
Preserve,Margin,ReedClump,-259.06,174.54,19.81,80.7,1.0031
Preserve,Margin,ReedClump,-108.85,140.38,-4.68,128.3,0.7872
Preserve,Margin,WeedStalks,-197.37,159.95,19.75,132.9,1.1546
Preserve,Margin,IrisA,-343.46,189.73,-20.26,128.3,0.9838
Preserve,Margin,ReedClump,-297.47,174.38,6.33,308.7,0.5012
Preserve,Margin,ReedClump,-157.12,151.09,-16.81,107.2,1.1087
Preserve,Margin,ReedClump,-190.30,161.65,-3.81,257.2,0.7906
Preserve,Margin,TallWeeds,-257.36,175.41,-29.51,104.0,0.4781
Preserve,Margin,ReedClump,-349.04,191.70,14.23,244.5,1.2248
Preserve,Margin,ReedClump,-161.57,155.40,-19.55,249.2,0.5145
Preserve,Margin,IrisB,-105.41,139.14,-10.36,346.6,0.7646
Preserve,Margin,WeedStalks,-241.32,175.62,-23.64,87.7,0.8863
Preserve,Margin,TallWeeds,-189.98,156.65,6.42,336.7,1.0475
Preserve,Margin,WeedStalks,-408.88,216.38,11.44,24.7,0.9391
Preserve,Margin,TallWeeds,-160.00,155.64,-18.24,14.2,0.9210
Preserve,Margin,ReedClump,-400.75,213.47,4.27,339.5,1.0476
Preserve,Margin,ReedClump,-250.78,175.25,25.69,50.1,1.0558
Preserve,Margin,ReedClump,-357.82,190.28,19.52,26.8,0.7552
Preserve,Margin,ReedClump,-344.77,187.17,-10.57,141.4,0.9839
Preserve,Margin,ReedClump,-290.20,176.78,5.90,107.3,1.2084
Preserve,Margin,IrisA,-236.25,179.96,-23.31,54.7,1.2292
Preserve,Margin,TallWeeds,-398.71,213.81,4.61,268.0,1.0906
Preserve,Margin,WeedStalks,-195.77,158.25,13.76,47.0,0.8901
Preserve,Margin,FernClump,-237.67,177.52,31.14,1.3,0.9842
Preserve,Margin,ReedClump,-344.46,186.99,-13.97,276.2,0.7550
Preserve,Margin,FernClump,-236.20,176.61,28.22,11.6,1.0236
Preserve,Margin,TallWeeds,-267.88,175.53,-23.59,128.3,1.0574
Preserve,Margin,IrisA,-351.22,188.93,13.62,172.5,0.8746
Preserve,Margin,ReedClump,-353.03,187.73,11.64,95.6,0.3967
Preserve,Margin,TallWeeds,-262.13,175.37,-28.32,23.3,0.6832
Preserve,Margin,IrisB,-251.97,175.59,-28.01,34.7,0.8938
Preserve,Margin,TallWeeds,-267.34,175.94,-26.72,253.7,1.0557
Preserve,Margin,ReedClump,-335.60,186.30,-3.74,187.6,1.0237
Preserve,Margin,ReedClump,-288.38,174.41,3.25,357.1,1.1327
Preserve,Margin,TallWeeds,-252.20,176.36,-31.08,192.6,1.1482
Preserve,Margin,ReedClump,-331.97,184.99,-4.03,328.0,1.2385
Preserve,Margin,FernClump,-232.01,175.80,-15.82,166.1,0.8737
Preserve,Margin,WeedStalks,-227.86,175.71,9.18,64.6,1.1839
Preserve,Margin,FernClump,-258.24,178.72,21.44,55.6,1.2451
Preserve,Margin,WeedStalks,-405.45,212.99,9.86,287.7,0.9833
Preserve,Margin,ReedClump,-344.65,186.32,-8.13,164.8,0.8196
Preserve,Margin,TallWeeds,-131.96,148.83,6.80,28.8,0.8401
Preserve,Margin,ReedClump,-342.74,187.20,-12.89,189.3,0.8700
Preserve,Margin,WeedStalks,-254.48,175.91,-29.48,251.4,1.1152
Preserve,Margin,TallWeeds,-226.67,175.92,6.94,101.9,1.0679
Preserve,Margin,ReedClump,-126.16,143.94,-13.01,101.7,0.7699
Preserve,Margin,ReedClump,-180.06,157.04,7.80,312.3,1.1247
Preserve,Margin,FernClump,-92.20,136.47,-0.08,111.6,1.1292
Preserve,Margin,TallWeeds,-124.10,144.63,3.97,314.8,1.1954
Preserve,Margin,ReedClump,-341.37,189.42,1.53,80.3,1.0797
Preserve,Margin,ReedClump,-343.65,188.95,2.97,160.0,1.0629
Preserve,Margin,TallWeeds,-283.58,174.05,-17.32,141.2,0.5039
Preserve,Margin,ReedClump,-120.88,142.21,-9.96,231.3,0.8771
Preserve,Margin,WeedStalks,-330.75,186.49,-6.34,236.5,0.7661
Preserve,Margin,WeedStalks,-259.90,179.25,28.38,47.9,0.9864
Preserve,Margin,WeedStalks,-179.17,156.68,-3.59,56.6,1.0142
Preserve,Margin,WeedStalks,-92.36,137.43,2.28,142.1,0.7954
Preserve,Margin,TallWeeds,-176.73,153.45,-4.91,323.4,0.4677
Preserve,Margin,ReedClump,-181.50,155.67,4.07,103.6,1.1442
Preserve,Margin,ReedClump,-137.50,147.13,-3.13,58.4,0.9497
Preserve,Margin,TallWeeds,-343.71,189.22,4.98,68.7,1.2258
Preserve,Margin,ReedClump,-256.21,177.08,27.43,36.4,0.3928
Preserve,Margin,IrisB,-147.22,150.10,-4.41,54.6,0.8428
Preserve,Margin,ReedClump,-291.00,174.38,4.82,332.2,1.0054
Preserve,Margin,ReedClump,-292.84,174.32,2.87,151.3,1.0485
Preserve,Margin,ReedClump,-132.27,148.14,4.40,320.8,1.1783
Preserve,Margin,TallWeeds,-146.65,151.50,1.81,75.2,0.5444
Preserve,Margin,ReedClump,-141.84,146.75,0.97,216.0,0.9237
Preserve,Margin,ReedClump,-177.67,154.13,-2.36,206.5,1.1079
Preserve,Margin,ReedClump,-282.45,175.38,-11.72,27.2,0.9370
Preserve,Margin,ReedClump,-304.12,182.54,-7.07,129.5,1.0631
Preserve,Margin,TallWeeds,-301.19,180.01,-6.08,114.9,1.0159
Preserve,Margin,ReedClump,-227.64,174.60,11.73,29.7,0.9674
Preserve,Margin,TallWeeds,-229.29,173.18,16.28,126.5,0.9998
Preserve,Margin,WeedStalks,-306.92,184.33,-4.08,111.4,0.9740
Preserve,Margin,ReedClump,-191.43,157.32,7.82,81.9,0.5441
Preserve,Margin,WeedStalks,-186.31,156.72,8.93,336.4,1.0125
Preserve,Margin,WeedStalks,-179.39,155.33,-5.04,44.6,0.7714
Preserve,Margin,FernClump,-187.15,157.59,6.59,258.9,1.0147
Preserve,Margin,ReedClump,-145.16,147.01,-5.28,243.3,0.8867
Preserve,Margin,TallWeeds,-342.55,189.06,-18.34,59.1,0.8748
Preserve,Margin,WeedStalks,-151.12,150.78,-9.49,71.3,1.0837
Preserve,Margin,IrisA,-344.24,189.90,-16.52,128.8,1.1613
Preserve,Margin,ReedClump,-229.36,174.64,22.81,152.5,1.2015
Preserve,MarginTended,IrisA,181.05,48.25,-0.92,16.5,0.8590
Preserve,MarginTended,ReedClump,103.93,85.58,-12.17,116.4,0.9177
Preserve,MarginTended,IrisA,112.12,85.37,-28.91,46.6,1.0304
Preserve,MarginTended,WeedStalks,116.33,82.76,-12.39,21.8,0.9483
Preserve,MarginTended,IrisA,-88.23,134.32,-12.82,261.7,0.9085
Preserve,MarginTended,IrisB,208.46,22.92,-26.38,7.5,1.1227
Preserve,MarginTended,IrisA,180.01,49.23,15.97,49.5,0.8797
Preserve,MarginTended,ReedClump,44.12,108.59,-23.93,165.3,1.2115
Preserve,MarginTended,WeedStalks,113.43,79.32,-9.64,303.5,0.8151
Preserve,MarginTended,ReedClump,-77.31,129.09,0.39,183.1,1.1333
Preserve,MarginTended,WeedStalks,110.10,84.48,-27.23,1.2,0.8876
Preserve,MarginTended,ReedClump,189.52,21.31,-27.00,72.7,1.2102
Preserve,MarginTended,IrisB,59.62,109.30,-11.34,44.9,0.9966
Preserve,MarginTended,ReedClump,57.39,110.41,-35.07,244.3,1.0229
Preserve,MarginTended,FernClump,195.07,49.55,0.01,125.5,0.9902
Preserve,MarginTended,WeedStalks,204.28,20.70,-27.96,113.3,1.2088
Preserve,MarginTended,WeedStalks,41.91,109.46,-22.40,144.6,1.0800
Preserve,MarginTended,IrisB,190.92,48.48,0.28,0.2,1.0560
Preserve,MarginTended,ReedClump,53.98,111.86,-38.18,330.2,0.9796
Preserve,MarginTended,ReedClump,207.01,20.00,-19.17,340.5,1.1653
Preserve,MarginTended,IrisB,144.52,59.10,7.56,37.6,1.1231
Preserve,MarginTended,IrisB,144.61,60.07,16.40,256.3,0.7949
Preserve,MarginTended,ReedClump,190.46,19.64,-29.63,256.6,1.0069
Preserve,MarginTended,WeedStalks,209.40,8.90,-3.94,75.5,0.8945
Preserve,MarginTended,IrisB,66.88,110.11,-40.67,356.0,1.0330
Preserve,MarginTended,ReedClump,52.19,111.31,-35.67,191.4,1.0149
Preserve,MarginTended,ReedClump,202.24,20.40,-29.49,123.1,0.8390
Preserve,MarginTended,FernClump,100.44,89.17,-28.98,144.8,1.0192
Preserve,MarginTended,IrisA,155.67,61.02,15.32,322.2,0.8804
Preserve,MarginTended,TallWeeds,157.92,59.95,17.15,306.6,0.9133
Preserve,MarginTended,TallWeeds,143.21,62.95,19.14,138.9,0.9469
Preserve,MarginTended,TallWeeds,144.01,61.20,4.83,185.3,1.1918
Preserve,MarginTended,IrisB,73.73,110.01,-11.13,324.3,1.1463
Preserve,MarginTended,WeedStalks,211.76,8.07,-14.51,322.9,1.0861
Preserve,MarginTended,ReedClump,168.00,59.52,11.98,177.5,0.9993
Preserve,MarginTended,TallWeeds,126.22,79.71,-26.93,134.2,1.0692
Preserve,MarginTended,TallWeeds,119.20,82.31,-11.09,137.6,0.9906
Preserve,MarginTended,IrisA,74.72,108.35,-30.05,163.4,1.0268
Preserve,MarginTended,ReedClump,163.87,59.13,-3.90,167.4,0.9133
Preserve,MarginTended,ReedClump,179.70,45.04,2.02,99.4,0.5305
Preserve,MarginTended,IrisA,122.88,83.20,-23.85,208.1,0.8434
Preserve,MarginTended,ReedClump,71.76,108.68,-9.32,161.6,1.0035
Preserve,MarginTended,FernClump,69.96,108.73,-40.33,92.8,1.0207
Preserve,MarginTended,ReedClump,168.28,59.07,8.11,139.4,0.8108
Preserve,MarginTended,TallWeeds,97.50,89.03,-26.84,53.5,1.0380
Preserve,MarginTended,ReedClump,71.72,108.81,-12.73,3.0,1.1311
Preserve,MarginTended,ReedClump,192.78,18.89,-27.05,320.0,1.0900
Preserve,MarginTended,ReedClump,147.42,60.72,16.37,211.5,1.2455
Preserve,MarginTended,ReedClump,102.95,87.69,-29.14,76.1,0.8809
Preserve,MarginTended,WeedStalks,141.12,61.54,17.73,171.8,0.8936
Preserve,MarginTended,TallWeeds,106.95,82.91,-12.98,157.7,1.0939
Preserve,MarginTended,TallWeeds,-83.03,143.11,-37.63,290.6,0.8140
Preserve,MarginTended,ReedClump,45.06,109.84,-36.34,336.7,0.9324
Preserve,FringeNorth,XfSpruceM,-364.39,294.42,-135.75,82.4,0.3811
Preserve,FringeNorth,XfSpruceM,-335.39,303.35,-192.84,234.1,0.4131
Preserve,FringeNorth,XfHinokiM,-156.00,302.98,-192.00,3.5,0.4132
Preserve,FringeNorth,XfSpruceM,-331.33,296.93,-138.33,205.1,0.5145
Preserve,FringeNorth,XfSpruceM,-284.00,303.52,-196.00,114.5,0.3202
Preserve,FringeNorth,XfHinokiM,-396.00,287.44,-108.00,81.6,0.4901
Preserve,FringeNorth,XfHinokiM,-344.00,301.02,-168.00,59.3,0.5696
Preserve,FringeNorth,XfHinokiYr,-160.28,247.13,-116.59,177.7,0.4368
Preserve,FringeNorth,XfSpruceM,-300.85,302.25,-167.34,79.0,0.3270
Preserve,FringeNorth,XfHinokiM,-312.00,299.74,-156.00,68.2,0.3291
Preserve,FringeNorth,XfHinokiM,-169.86,290.53,-145.51,275.5,0.3775
Preserve,FringeNorth,XfSpruceM,-219.34,304.32,-217.90,292.3,0.4195
Preserve,FringeNorth,XfMapleGold,-302.54,277.33,-133.53,50.4,0.6688
Preserve,FringeNorth,XfSugi40,-203.23,257.73,-145.38,310.4,0.6376
Preserve,FringeNorth,XfSpruceM,-343.02,270.94,-128.75,29.7,0.3868
Preserve,FringeNorth,XfHinokiM,-313.35,297.87,-150.54,355.6,0.3381
Preserve,FringeNorth,XfFirM,-144.00,302.95,-176.00,3.4,0.4138
Preserve,FringeNorth,XfSpruceM,-332.00,297.48,-144.00,81.8,0.3325
Preserve,FringeNorth,XfSpruceM,-177.84,275.68,-121.06,235.0,0.4560
Preserve,FringeNorth,XfHinokiM,-416.00,277.39,-100.00,185.2,0.3776
Preserve,FringeNorth,XfFirM,-140.24,302.53,-171.16,46.5,0.3985
Preserve,FringeNorth,XfSpruceM,-248.00,272.56,-76.00,180.0,0.3377
Preserve,FringeNorth,XfSpruceM,-244.63,275.07,-70.38,227.2,0.5985
Preserve,FringeNorth,XfHinokiM,-243.70,289.32,-151.23,53.0,0.4839
Preserve,FringeNorth,XfSpruceM,-145.53,302.98,-211.29,100.0,0.6434
Preserve,FringeNorth,XfSpruceM,-344.00,266.25,-124.00,308.3,0.3807
Preserve,FringeNorth,XfHinokiM,-102.15,211.05,-90.19,59.6,0.6157
Preserve,FringeNorth,XfHinokiM,-352.00,301.30,-148.00,342.7,0.4984
Preserve,FringeNorth,XfFirM,-280.00,293.52,-124.00,195.4,0.3324
Preserve,FringeNorth,XfSpruceM,-109.28,304.47,-210.70,217.8,0.5158
Preserve,FringeNorth,XfHinokiM,-166.92,293.89,-141.01,146.4,0.6543
Preserve,FringeNorth,XfMapleGold,-396.11,299.66,-139.63,68.1,0.3738
Preserve,FringeNorth,XfSpruceM,-316.08,270.23,-118.07,232.8,0.3910
Preserve,FringeNorth,XfSpruceM,-324.96,303.02,-208.62,114.0,0.5723
Preserve,FringeNorth,XfSpruceM,-108.00,302.95,-216.00,3.6,0.3706
Preserve,FringeNorth,XfMapleGold,-126.48,300.84,-183.67,192.7,0.9982
Preserve,FringeNorth,XfSpruceM,-96.00,291.61,-132.00,150.2,0.3417
Preserve,FringeNorth,XfFirM,-165.93,302.25,-173.43,190.9,0.5277
Preserve,FringeNorth,XfSugi40,-200.00,260.90,-148.00,266.0,0.5439
Preserve,FringeNorth,XfSpruceM,-295.57,305.74,-176.90,208.6,0.6324
Preserve,FringeNorth,XfHinokiM,-138.23,296.37,-145.57,31.9,0.4765
Preserve,FringeNorth,XfMapleGold,-228.00,243.43,-88.00,347.8,0.3352
Preserve,FringeNorth,XfSpruceM,-320.00,235.62,-92.00,162.1,0.5559
Preserve,FringeNorth,XfFirM,-164.00,299.17,-168.00,134.3,0.4276
Preserve,FringeNorth,XfSpruceM,-349.52,263.77,-124.30,108.4,0.4567
Preserve,FringeNorth,XfSpruceM,-320.20,266.53,-114.62,299.9,0.6003
Preserve,FringeNorth,XfSpruceM,-456.00,304.48,-132.00,29.2,0.5590
Preserve,FringeNorth,XfHinokiM,-158.62,296.53,-147.68,350.8,0.4559
Preserve,FringeNorth,XfFirM,-401.15,302.76,-187.47,213.2,0.3880
Preserve,FringeNorth,XfSpruceM,-337.75,302.14,-146.91,94.3,0.6553
Preserve,FringeNorth,XfSpruceM,-320.00,304.14,-208.00,356.0,0.5376
Preserve,FringeNorth,XfFirM,-399.08,304.56,-185.20,50.1,0.6165
Preserve,FringeNorth,XfHinokiM,-250.11,283.56,-148.27,91.1,0.4614
Preserve,FringeNorth,XfSpruceM,-373.29,292.54,-131.49,168.6,0.3455
Preserve,FringeNorth,XfSpruceM,-311.04,248.64,-78.90,164.7,0.6382
Preserve,FringeNorth,XfSpruceM,-368.00,290.34,-132.00,12.9,0.5223
Preserve,FringeNorth,XfHinokiM,-164.00,294.48,-144.00,165.4,0.4706
Preserve,FringeNorth,XfFirM,-113.91,264.42,-111.59,55.2,0.4803
Preserve,FringeNorth,XfFirM,-184.00,301.55,-184.00,79.0,0.3541
Preserve,FringeNorth,XfSpruceM,-346.62,260.95,-120.69,349.9,0.5199
Preserve,FringeNorth,XfSpruceM,-214.78,298.91,-195.75,161.2,0.3543
Preserve,FringeNorth,XfFirM,-431.27,300.52,-111.06,305.4,0.5473
Preserve,FringeNorth,XfSpruceM,-302.77,252.55,-79.75,74.4,0.5842
Preserve,FringeNorth,XfHinokiM,-163.43,219.47,-93.91,142.8,0.5784
Preserve,FringeNorth,XfMapleRed,-98.72,306.49,-154.37,136.1,0.7901
Preserve,FringeNorth,XfSpruceM,-301.67,304.41,-170.87,166.4,0.5130
Preserve,FringeNorth,XfFirM,-124.00,303.27,-164.00,328.6,0.3411
Preserve,FringeNorth,XfMapleGold,-300.00,284.38,-140.00,187.1,0.4092
Preserve,FringeNorth,XfHinokiM,-192.00,263.47,-124.00,306.5,0.5932
Preserve,FringeNorth,XfMapleRed,-104.52,307.14,-160.96,247.9,0.6580
Preserve,FringeNorth,XfSpruceM,-325.69,302.49,-210.44,302.3,0.5115
Preserve,FringeNorth,XfSugi40,-206.00,262.09,-150.13,284.4,0.5879
Preserve,FringeNorth,XfFirM,-396.00,304.31,-216.00,57.8,0.4884
Preserve,FringeNorth,XfFirM,-144.86,302.59,-171.72,216.6,0.3209
Preserve,FringeNorth,XfSpruceM,-340.00,302.91,-196.00,115.0,0.3257
Preserve,FringeNorth,XfHinokiM,-251.70,283.07,-147.12,43.5,0.4490
Preserve,FringeNorth,XfHinokiYr,-300.00,304.25,-212.00,94.0,0.5856
Preserve,FringeNorth,XfSpruceM,-205.76,302.63,-191.27,249.7,0.5057
Preserve,FringeNorth,XfFirM,-192.00,305.29,-208.00,309.4,0.6245
Preserve,FringeNorth,XfFirM,-430.34,300.45,-119.34,282.8,0.4048
Preserve,FringeNorth,XfHinokiM,-368.00,228.48,-72.00,175.2,0.5129
Preserve,FringeNorth,XfHinokiM,-314.59,301.24,-151.80,220.8,0.6390
Preserve,FringeNorth,XfHinokiM,-300.00,260.85,-108.00,342.7,0.4670
Preserve,FringeNorth,XfSpruceM,-456.00,304.16,-80.00,9.1,0.4415
Preserve,FringeNorth,XfFirM,-129.12,279.41,-121.21,354.4,0.4962
Preserve,FringeNorth,XfSpruceM,-308.00,243.67,-76.00,42.6,0.5311
Preserve,FringeNorth,XfSpruceM,-216.00,306.31,-212.00,1.7,0.6022
Preserve,FringeNorth,XfHinokiM,-312.74,298.40,-150.35,103.2,0.4085
Preserve,FringeNorth,XfFirYr,-204.00,273.31,-168.00,340.9,0.6241
Preserve,FringeNorth,XfFirM,-130.43,257.64,-104.67,132.3,0.3806
Preserve,FringeNorth,XfSpruceM,-263.33,250.56,-83.71,248.8,0.4387
Preserve,FringeNorth,XfSpruceM,-334.57,299.32,-148.74,340.1,0.3240
Preserve,FringeNorth,XfSpruceM,-259.78,302.62,-169.18,354.1,0.4895
Preserve,FringeNorth,XfSpruceM,-296.00,303.95,-172.00,335.2,0.4769
Preserve,FringeNorth,XfHinokiYr,-412.00,299.00,-124.00,325.9,0.4784
Preserve,FringeNorth,XfSpruceM,-212.00,295.94,-192.00,287.0,0.4510
Preserve,FringeNorth,XfSpruceM,-346.52,304.00,-194.57,127.4,0.4630
Preserve,FringeNorth,XfFirYr,-432.00,265.60,-68.00,113.9,0.3754
Preserve,FringeNorth,XfFirM,-190.17,303.12,-212.25,40.7,0.4378
Preserve,FringeNorth,XfHinokiYr,-159.27,247.78,-115.91,120.3,0.4748
Preserve,FringeNorth,XfFirM,-280.00,305.65,-160.00,159.8,0.6005
Preserve,FringeNorth,XfFirM,-377.18,304.46,-190.23,232.8,0.6317
Preserve,FringeNorth,XfFirM,-218.26,231.08,-95.46,72.2,0.4132
Preserve,FringeNorth,XfHinokiM,-284.00,284.68,-96.00,318.2,0.3442
Preserve,FringeNorth,XfHinokiM,-412.00,251.98,-80.00,189.3,0.6005
Preserve,FringeNorth,XfMapleRed,-104.00,307.07,-156.00,141.1,0.6665
Preserve,FringeNorth,XfFirM,-108.79,264.56,-110.17,214.1,0.3237
Preserve,FringeNorth,XfSpruceM,-416.00,302.30,-196.00,278.5,0.4714
Preserve,FringeNorth,XfSpruceM,-268.79,246.64,-83.12,16.2,0.4580
Preserve,FringeNorth,XfSpruceM,-334.74,304.81,-191.47,166.6,0.5594
Preserve,FringeNorth,XfHinokiM,-112.00,298.14,-140.00,264.0,0.5778
Preserve,FringeNorth,XfSpruceM,-371.59,299.02,-134.88,295.3,0.4790
Preserve,FringeNorth,XfFirM,-280.00,306.35,-216.00,321.5,0.5610
Preserve,FringeNorth,XfHinokiM,-388.16,300.40,-163.28,349.4,0.3704
Preserve,FringeNorth,XfSpruceM,-261.58,267.53,-89.25,224.1,0.5817
Preserve,FringeNorth,XfSpruceM,-102.83,303.01,-214.14,275.2,0.3770
Preserve,FringeNorth,XfFirM,-404.18,303.24,-178.44,350.0,0.5939
Preserve,FringeNorth,XfFirM,-194.23,304.01,-202.59,295.0,0.3819
Preserve,FringeNorth,XfSpruceM,-146.57,223.12,-96.38,291.5,0.3238
Preserve,FringeNorth,XfMapleGold,-301.13,289.84,-145.86,188.8,0.3577
Preserve,FringeNorth,XfHinokiM,-392.00,240.20,-72.00,348.6,0.4277
Preserve,FringeNorth,XfHinokiM,-432.00,304.95,-180.00,104.0,0.6532
Preserve,FringeNorth,XfMapleGold,-294.60,284.65,-138.25,176.1,0.3263
Preserve,FringeNorth,XfHinokiM,-101.35,202.24,-87.02,198.3,0.3738
Preserve,FringeNorth,XfFirM,-436.00,301.83,-116.00,201.0,0.5734
Preserve,FringeNorth,XfFirM,-404.00,303.10,-184.00,334.1,0.5175
Preserve,FringeNorth,XfHinokiM,-231.00,250.44,-129.32,91.5,0.5020
Preserve,FringeNorth,XfHinokiM,-416.00,306.20,-216.00,204.7,0.6476
Preserve,FringeNorth,XfMapleGold,-395.07,302.01,-149.28,151.4,0.6382
Preserve,FringeNorth,XfSpruceM,-310.43,235.93,-72.20,125.9,0.5546
Preserve,FringeNorth,XfSpruceM,-432.21,304.72,-154.32,171.5,0.5815
Preserve,FringeNorth,XfFirM,-137.04,274.46,-121.67,103.9,0.4021
Preserve,FringeNorth,XfFirM,-439.13,300.34,-121.21,41.6,0.3309
Preserve,FringeNorth,XfSpruceM,-268.00,257.91,-88.00,215.0,0.4781
Preserve,FringeNorth,XfFirM,-182.83,304.49,-189.69,170.2,0.3246
Preserve,FringeNorth,XfMapleGold,-122.72,300.70,-187.21,104.0,0.9827
Preserve,FringeNorth,XfSpruceM,-264.00,303.07,-168.00,201.6,0.4115
Preserve,FringeNorth,XfSugi40,-201.88,259.16,-144.16,267.4,0.4955
Preserve,FringeNorth,XfHinokiM,-232.07,256.90,-132.39,133.2,0.6045
Preserve,FringeNorth,XfFirM,-161.67,298.62,-162.80,300.8,0.3911
Preserve,FringeNorth,XfSpruceM,-440.43,305.55,-163.31,298.1,0.6325
Preserve,FringeNorth,XfSpruceM,-228.00,244.41,-108.00,199.8,0.5475
Preserve,FringeNorth,XfSpruceM,-142.75,301.80,-217.86,209.8,0.5238
Preserve,FringeNorth,XfFirM,-128.38,285.05,-128.63,168.3,0.4070
Preserve,FringeNorth,XfHinokiM,-388.65,302.90,-168.22,233.5,0.6077
Preserve,FringeNorth,XfHinokiM,-276.00,302.40,-144.00,102.0,0.6238
Preserve,FringeNorth,XfHinokiM,-384.00,302.00,-164.00,161.0,0.4803
Preserve,FringeNorth,XfSpruceM,-436.00,305.03,-160.00,212.2,0.5990
Preserve,FringeNorth,XfFirM,-180.33,299.10,-179.88,12.2,0.6322
Preserve,FringeNorth,XfSpruceM,-320.00,270.08,-120.00,277.2,0.3269
Preserve,FringeNorth,XfSpruceM,-216.00,261.40,-144.00,310.5,0.5148
Preserve,FringeNorth,XfHinokiM,-238.76,260.32,-131.46,100.1,0.5405
Preserve,FringeNorth,XfFirM,-226.42,292.92,-176.75,106.2,0.6201
Preserve,FringeNorth,XfHinokiM,-144.11,300.42,-149.80,276.7,0.5692
Preserve,FringeNorth,XfSpruceM,-220.00,305.83,-214.23,156.1,0.5766
Preserve,FringeNorth,XfHinokiM,-140.00,301.27,-152.00,194.0,0.5749
Preserve,FringeNorth,XfHinokiM,-384.00,263.69,-92.00,320.0,0.4111
Preserve,FringeNorth,XfSpruceM,-212.00,236.86,-120.00,184.5,0.5136
Preserve,FringeNorth,XfFirM,-210.39,221.99,-101.41,54.7,0.3819
Preserve,FringeNorth,XfHinokiM,-144.21,300.03,-146.44,72.0,0.5583
Preserve,FringeNorth,XfSpruceM,-178.48,258.14,-112.32,46.2,0.4019
Preserve,FringeNorth,XfFirM,-212.00,221.84,-96.00,150.5,0.5449
Preserve,FringeNorth,XfFirM,-154.16,234.13,-107.48,40.2,0.4033
Preserve,FringeNorth,XfHinokiM,-384.00,298.17,-124.00,357.1,0.5169
Preserve,FringeNorth,XfFirM,-108.91,269.01,-114.27,294.7,0.5362
Preserve,FringeNorth,XfHinokiM,-381.29,301.84,-169.97,323.0,0.5380
Preserve,FringeNorth,XfHinokiM,-379.38,260.32,-87.13,16.6,0.4341
Preserve,FringeNorth,XfFirM,-247.90,308.74,-205.08,71.6,0.6182
Preserve,FringeNorth,XfHinokiYr,-153.89,269.23,-124.42,303.1,0.6388
Preserve,FringeNorth,XfFirM,-185.70,305.35,-189.97,28.7,0.4068
Preserve,FringeNorth,XfHinokiM,-248.00,286.05,-152.00,18.9,0.4551
Preserve,FringeNorth,XfSpruceM,-215.86,299.93,-195.62,288.4,0.4662
Preserve,FringeNorth,XfFirM,-228.00,290.24,-172.00,152.0,0.3308
Preserve,FringeNorth,XfHinokiM,-107.08,208.52,-93.02,329.2,0.4126
Preserve,FringeNorth,XfFirM,-226.30,290.46,-166.16,91.2,0.3190
Preserve,FringeNorth,XfFirM,-226.78,290.40,-176.13,199.2,0.3699
Preserve,FringeNorth,XfHinokiM,-232.00,307.13,-216.00,210.6,0.5410
Preserve,FringeNorth,XfHinokiM,-385.43,268.13,-95.82,167.6,0.5573
Preserve,FringeNorth,XfSpruceM,-368.00,254.51,-112.00,251.5,0.4379
Preserve,FringeNorth,XfFirM,-132.00,281.70,-124.00,52.1,0.6245
Preserve,FringeNorth,XfHinokiM,-164.00,207.81,-88.00,318.3,0.5852
Preserve,FringeNorth,XfMapleRed,-189.57,175.65,-69.70,344.7,0.4461
Preserve,FringeNorth,XfHinokiM,-108.00,201.34,-88.00,286.9,0.5596
Preserve,FringeNorth,XfHinokiM,-100.00,302.94,-192.00,330.2,0.4496
Preserve,FringeNorth,XfSpruceM,-372.00,303.04,-152.00,300.3,0.5902
Preserve,FringeNorth,XfMapleRed,-110.60,307.37,-156.58,76.2,0.8097
Preserve,FringeNorth,XfHinokiYr,-264.00,286.55,-112.00,298.3,0.4430
Preserve,FringeNorth,XfSpruceM,-176.00,269.53,-116.00,107.9,0.6430
Preserve,FringeNorth,XfSpruceM,-250.33,268.12,-79.45,176.0,0.4550
Preserve,FringeNorth,XfFirM,-250.11,307.99,-204.63,331.1,0.5342
Preserve,FringeNorth,XfFirM,-180.00,280.81,-136.00,148.3,0.4808
Preserve,FringeNorth,XfHinokiM,-256.00,306.19,-216.00,321.2,0.3223
Preserve,FringeNorth,XfSpruceM,-314.58,301.57,-180.97,347.7,0.3629
Preserve,FringeNorth,XfMapleRed,-196.00,183.13,-68.00,175.9,0.6280
Preserve,FringeNorth,XfHinokiM,-236.00,254.67,-128.00,358.5,0.4930
Preserve,FringeNorth,XfSpruceM,-320.00,301.26,-180.00,10.6,0.3611
Preserve,FringeNorth,XfFirM,-144.83,303.96,-181.13,233.1,0.5086
Preserve,FringeNorth,XfFirM,-158.82,299.93,-164.98,352.6,0.5352
Preserve,FringeNorth,XfFirM,-128.00,248.75,-100.00,257.3,0.5290
Preserve,FringeNorth,XfHinokiM,-244.00,307.29,-180.00,316.6,0.3920
Preserve,FringeNorth,XfFirM,-252.23,307.81,-201.55,303.6,0.5359
Preserve,FringeNorth,XfSpruceM,-265.11,301.86,-163.50,256.3,0.3585
Preserve,FringeNorth,XfMapleGold,-396.00,301.57,-144.00,49.0,0.6106
Preserve,FringeNorth,XfSpruceM,-319.57,302.82,-175.91,178.0,0.4796
Preserve,FringeNorth,XfSpruceM,-245.68,273.96,-79.40,131.4,0.6197
Preserve,FringeNorth,XfSpruceM,-269.88,304.33,-165.92,134.1,0.5380
Preserve,FringeNorth,XfHinokiM,-184.00,273.94,-156.00,355.7,0.5685
Preserve,FringeNorth,XfSpruceM,-319.76,300.97,-186.48,120.2,0.3171
Preserve,FringeNorth,XfFirM,-196.98,305.86,-204.80,8.0,0.5361
Preserve,FringeNorth,XfFirM,-256.00,284.51,-136.00,129.4,0.4885
Preserve,FringeNorth,XfFirM,-248.00,307.11,-200.00,116.5,0.4641
Preserve,FringeNorth,XfSpruceM,-316.92,279.63,-122.59,340.8,0.5104
Preserve,FringeSouth,XfHinokiM,-118.83,290.98,164.43,122.1,0.6343
Preserve,FringeSouth,XfHinokiM,-291.32,245.91,86.40,157.0,0.4821
Preserve,FringeSouth,XfMapleRed,-260.00,298.16,132.00,40.1,0.6095
Preserve,FringeSouth,XfSugi40,-170.03,185.03,72.12,81.6,0.6543
Preserve,FringeSouth,XfSpruceM,-420.12,303.64,193.18,213.4,0.5321
Preserve,FringeSouth,XfHinokiM,-456.00,311.83,192.00,82.5,0.4845
Preserve,FringeSouth,XfSpruceM,-227.50,286.85,113.41,168.0,0.5533
Preserve,FringeSouth,XfSpruceM,-145.84,211.23,108.90,39.5,0.6006
Preserve,FringeSouth,XfHinokiM,-218.62,278.87,142.00,49.8,0.4302
Preserve,FringeSouth,XfSpruceM,-133.31,275.76,153.58,107.8,0.5622
Preserve,FringeSouth,XfFirM,-452.74,300.83,114.24,130.0,0.6091
Preserve,FringeSouth,XfSugi40,-176.00,186.32,72.00,311.9,0.4737
Preserve,FringeSouth,XfHinokiM,-94.81,291.78,152.59,96.1,0.4242
Preserve,FringeSouth,XfFirYr,-339.77,269.91,139.57,52.2,0.4800
Preserve,FringeSouth,XfHinokiM,-100.00,292.38,152.00,53.4,0.4359
Preserve,FringeSouth,XfFirM,-456.71,304.24,115.14,9.7,0.5101
Preserve,FringeSouth,XfFirM,-412.33,276.45,139.34,47.7,0.6268
Preserve,FringeSouth,XfFirYr,-336.00,263.26,144.00,215.3,0.6536
Preserve,FringeSouth,XfHinokiM,-129.03,290.76,175.39,351.2,0.3185
Preserve,FringeSouth,XfHinokiM,-292.47,245.99,86.19,238.8,0.4905
Preserve,FringeSouth,XfHinokiM,-252.66,257.09,74.27,177.4,0.4919
Preserve,FringeSouth,XfSpruceM,-292.00,291.19,164.00,210.7,0.3782
Preserve,FringeSouth,XfHinokiM,-208.00,294.93,172.00,61.9,0.4883
Preserve,FringeSouth,XfFirM,-410.54,275.13,139.46,57.3,0.4850
Preserve,FringeSouth,XfHinokiM,-260.00,271.59,100.00,204.6,0.3677
Preserve,FringeSouth,XfFirM,-456.00,304.83,120.00,107.4,0.5264
Preserve,FringeSouth,XfFirM,-412.00,279.97,144.00,207.0,0.6348
Preserve,FringeSouth,XfMapleGold,-129.14,196.45,101.62,323.3,0.6636
Preserve,FringeSouth,XfFirYr,-329.68,255.04,146.42,344.4,0.6641
Preserve,FringeSouth,XfFirM,-452.66,295.78,124.49,266.5,0.3309
Preserve,FringeSouth,XfSpruceM,-411.36,303.84,195.38,174.6,0.4817
Preserve,FringeSouth,XfHinokiM,-380.00,260.33,124.00,104.1,0.5086
Preserve,FringeSouth,XfHinokiM,-296.69,229.87,78.63,187.9,0.4562
Preserve,FringeSouth,XfSpruceM,-275.61,248.01,83.44,69.0,0.4276
Preserve,FringeSouth,XfHinokiM,-203.49,297.92,172.29,8.9,0.5534
Preserve,FringeSouth,XfSugi40,-316.42,263.81,155.44,163.2,0.6590
Preserve,FringeSouth,XfFirYr,-339.63,269.62,139.35,167.5,0.3929
Preserve,FringeSouth,XfSpruceM,-457.94,296.01,68.26,291.5,0.4770
Preserve,FringeSouth,XfFirM,-436.00,286.74,108.00,128.8,0.5982
Preserve,FringeSouth,XfFirM,-120.76,229.85,126.49,250.5,0.3697
Preserve,FringeSouth,XfSpruceM,-135.54,277.85,151.09,184.8,0.6125
Preserve,FringeSouth,XfHinokiM,-124.00,296.64,180.00,104.4,0.6367
Preserve,FringeSouth,XfMapleRed,-317.22,248.38,137.94,307.5,0.3972
Preserve,FringeSouth,XfHinokiM,-390.58,297.80,167.79,33.0,0.3522
Preserve,FringeSouth,XfSpruceM,-270.40,244.37,85.31,349.0,0.4838
Preserve,FringeSouth,XfFirM,-128.57,231.97,127.74,96.3,0.6064
Preserve,FringeSouth,XfMapleRed,-308.83,249.48,129.79,281.5,0.4655
Preserve,FringeSouth,XfSpruceM,-335.36,305.91,212.80,262.5,0.5835
Preserve,FringeSouth,XfMapleGold,-190.05,247.73,125.93,69.3,0.6295
Preserve,FringeSouth,XfFirM,-288.95,267.93,129.68,48.7,0.5816
Preserve,FringeSouth,XfSpruceM,-382.04,237.14,95.25,236.8,0.3608
Preserve,FringeSouth,XfSpruceM,-417.96,303.84,202.43,34.8,0.5419
Preserve,FringeSouth,XfSpruceM,-192.00,288.29,156.00,56.8,0.3206
Preserve,FringeSouth,XfHinokiM,-436.00,284.33,88.00,68.1,0.4980
Preserve,FringeSouth,XfSugi40,-315.79,263.30,158.53,74.3,0.3921
Preserve,FringeSouth,XfHinokiM,-272.39,306.63,204.85,219.3,0.5893
Preserve,FringeSouth,XfSpruceM,-243.04,299.95,150.55,8.7,0.4053
Preserve,FringeSouth,XfHinokiM,-204.15,296.72,170.70,256.7,0.4737
Preserve,FringeSouth,XfFirM,-288.00,265.84,124.00,68.7,0.6457
Preserve,FringeSouth,XfSpruceM,-135.48,278.08,152.48,218.9,0.6317
Preserve,FringeSouth,XfHinokiM,-126.54,295.62,183.95,29.0,0.4171
Preserve,FringeSouth,XfFirM,-177.96,306.37,210.59,114.8,0.6364
Preserve,FringeSouth,XfHinokiM,-360.77,307.24,203.31,296.5,0.6545
Preserve,FringeSouth,XfSpruceM,-340.00,302.40,216.00,73.4,0.3211
Preserve,FringeSouth,XfFirM,-286.52,267.07,129.39,329.7,0.5260
Preserve,FringeSouth,XfHinokiM,-104.00,241.03,120.00,323.8,0.6119
Preserve,FringeSouth,XfSpruceM,-343.99,303.64,215.54,85.5,0.4543
Preserve,FringeSouth,XfSugi40,-419.84,287.23,167.04,241.9,0.5080
Preserve,FringeSouth,XfFirM,-312.00,303.76,208.00,111.6,0.4870
Preserve,FringeSouth,XfFirM,-172.00,276.48,140.00,15.3,0.3311
Preserve,FringeSouth,XfSpruceM,-449.20,280.41,85.72,203.5,0.5992
Preserve,FringeSouth,XfHinokiM,-339.76,288.62,186.76,255.0,0.3629
Preserve,FringeSouth,XfSpruceM,-370.76,238.01,92.68,86.2,0.4472
Preserve,FringeSouth,XfHinokiM,-224.00,279.01,144.00,242.5,0.4596
Preserve,FringeSouth,XfSpruceM,-446.14,271.48,77.02,221.8,0.5900
Preserve,FringeSouth,XfHinokiM,-113.60,295.09,166.45,204.6,0.5719
Preserve,FringeSouth,XfFirM,-436.00,290.65,160.00,13.2,0.3316
Preserve,FringeSouth,XfHinokiM,-196.00,187.61,72.00,183.9,0.3413
Preserve,FringeSouth,XfHinokiM,-107.00,194.58,94.77,28.9,0.6572
Preserve,FringeSouth,XfMapleGold,-172.00,301.38,192.00,263.4,0.7234
Preserve,FringeSouth,XfFirM,-268.00,294.44,116.00,260.0,0.5659
Preserve,FringeSouth,XfSpruceM,-276.00,303.94,184.00,316.4,0.5877
Preserve,FringeSouth,XfHinokiM,-204.50,301.41,175.38,173.9,0.5227
Preserve,FringeSouth,XfFirM,-439.90,292.07,161.05,176.2,0.4711
Preserve,FringeSouth,XfSugi40,-312.00,269.49,160.00,101.9,0.6656
Preserve,FringeSouth,XfHinokiM,-256.00,307.01,216.00,246.2,0.6448
Preserve,FringeSouth,XfSpruceM,-416.00,303.48,196.00,309.1,0.4779
Preserve,FringeSouth,XfHinokiM,-344.00,282.47,184.00,34.2,0.3393
Preserve,FringeSouth,XfSpruceM,-140.00,274.57,152.00,322.4,0.3830
Preserve,FringeSouth,XfSpruceM,-242.10,297.85,146.82,168.5,0.3858
Preserve,FringeSouth,XfSugi40,-179.27,188.85,76.92,76.1,0.5171
Preserve,FringeSouth,XfHinokiM,-300.00,293.52,188.00,295.9,0.6460
Preserve,FringeSouth,XfHinokiM,-268.00,306.43,200.00,134.9,0.5809
Preserve,FringeSouth,XfSpruceM,-272.00,237.30,80.00,214.1,0.3791
Preserve,FringeSouth,XfMapleGold,-128.00,203.72,108.00,52.9,0.6075
Preserve,FringeSouth,XfHinokiM,-377.45,267.78,128.78,205.7,0.3501
Preserve,FringeSouth,XfHinokiM,-347.41,290.99,187.65,34.4,0.4087
Preserve,FringeSouth,XfHinokiM,-112.00,193.69,92.00,121.6,0.4360
Preserve,FringeSouth,XfFirM,-147.05,244.11,132.03,78.5,0.6286
Preserve,FringeSouth,XfHinokiM,-377.32,253.69,118.52,100.7,0.5397
Preserve,FringeSouth,XfMapleGold,-181.42,246.17,121.39,322.5,0.4870
Preserve,FringeSouth,XfSpruceM,-396.32,246.06,109.68,71.2,0.4092
Preserve,FringeSouth,XfSugi40,-310.20,264.62,154.51,309.2,0.4443
Preserve,FringeSouth,XfHinokiM,-379.29,275.47,130.16,325.4,0.4522
Preserve,FringeSouth,XfSpruceM,-400.00,247.62,108.00,138.9,0.4027
Preserve,FringeSouth,XfFirM,-124.00,236.12,132.00,103.4,0.3508
Preserve,FringeSouth,XfSpruceM,-376.00,240.76,96.00,347.3,0.6347
Preserve,FringeSouth,XfSpruceM,-228.00,287.62,108.00,71.8,0.6373
Preserve,FringeSouth,XfMapleGold,-123.99,208.93,110.48,236.9,0.5868
Preserve,FringeSouth,XfHinokiM,-109.62,231.45,120.13,174.2,0.3480
Preserve,FringeSouth,XfSpruceM,-232.00,272.07,128.00,51.9,0.4685
Preserve,FringeSouth,XfFirM,-287.72,267.68,128.27,245.6,0.5608
Preserve,FringeSouth,XfFirM,-107.79,297.78,186.82,274.7,0.4380
Preserve,FringeSouth,XfSpruceM,-387.72,287.31,141.32,6.1,0.3665
Preserve,FringeSouth,XfHinokiM,-298.12,286.87,183.13,298.8,0.3928
Preserve,FringeSouth,XfMapleGold,-176.73,301.72,193.19,311.6,0.8571
Preserve,FringeSouth,XfHinokiM,-97.74,248.76,118.64,148.3,0.5327
Preserve,FringeSouth,XfHinokiM,-340.00,249.87,112.00,356.1,0.3489
Preserve,FringeSouth,XfSpruceM,-203.92,240.94,112.03,264.0,0.5814
Preserve,FringeSouth,XfFirM,-144.39,235.01,130.07,328.4,0.3380
Preserve,FringeSouth,XfSpruceM,-376.00,305.58,184.00,245.5,0.5617
Preserve,FringeSouth,XfSpruceM,-387.44,295.09,143.14,359.3,0.5449
Preserve,FringeSouth,XfFirM,-432.00,302.87,208.00,327.4,0.4092
Preserve,FringeSouth,XfFirYr,-360.00,259.96,108.00,10.6,0.6065
Preserve,FringeSouth,XfSpruceM,-436.00,306.60,184.00,287.3,0.5076
Preserve,FringeSouth,XfMapleGold,-188.00,243.30,120.00,298.7,0.7751
Preserve,FringeSouth,XfHinokiM,-347.64,284.39,185.85,44.1,0.3667
Preserve,FringeSouth,XfFirM,-104.00,299.13,184.00,67.1,0.6219
Preserve,FringeSouth,XfHinokiM,-240.00,300.36,196.00,324.0,0.6497
Preserve,FringeSouth,XfFirM,-152.49,253.06,133.22,140.4,0.4366
Preserve,FringeSouth,XfHinokiM,-280.00,281.20,104.00,252.1,0.6183
Preserve,FringeSouth,XfFirM,-99.11,296.95,188.62,102.6,0.3681
Preserve,FringeSouth,XfSpruceM,-229.00,281.43,101.11,42.8,0.6293
Preserve,FringeSouth,XfHinokiM,-383.20,295.23,162.98,56.9,0.5726
Preserve,FringeSouth,XfSpruceM,-395.37,249.16,112.44,153.9,0.5037
Preserve,FringeSouth,XfHinokiM,-359.47,305.45,204.81,200.5,0.4884
Preserve,FringeSouth,XfSpruceM,-378.62,235.75,91.68,340.9,0.3931
Preserve,FringeSouth,XfSpruceM,-235.27,274.06,130.38,231.5,0.3791
Preserve,FringeSouth,XfMapleGold,-177.37,301.49,193.69,273.8,0.7965
Preserve,FringeSouth,XfHinokiM,-121.57,276.71,156.26,52.2,0.6460
Preserve,FringeSouth,XfHinokiYr,-320.00,287.24,188.00,196.1,0.3995
Preserve,FringeSouth,XfHinokiM,-248.00,268.83,72.00,306.9,0.3648
Preserve,FringeSouth,XfFirYr,-200.00,263.28,140.00,327.1,0.5726
Preserve,FringeSouth,XfSpruceM,-392.00,296.72,144.00,43.1,0.4717
Preserve,FringeSouth,XfHinokiM,-358.69,281.10,137.94,298.3,0.4314
Preserve,FringeSouth,XfHinokiM,-242.52,300.70,199.52,75.7,0.5234
Preserve,FringeSouth,XfFirM,-428.00,268.34,128.00,49.5,0.4178
Preserve,FringeSouth,XfHinokiM,-271.51,306.59,195.95,29.6,0.4332
Preserve,FringeSouth,XfHinokiM,-356.00,305.69,200.00,228.7,0.4902
Preserve,FringeSouth,XfFirM,-104.21,297.78,189.31,161.0,0.4470
Preserve,FringeSouth,XfFirM,-292.00,303.41,212.00,160.8,0.3864
Preserve,FringeSouth,XfMapleGold,-191.08,258.40,126.88,94.5,0.5284
Preserve,FringeSouth,XfSpruceM,-236.01,273.65,130.88,167.8,0.3471
Preserve,FringeSouth,XfFirM,-421.46,265.05,126.59,279.5,0.6067
Preserve,FringeSouth,XfFirM,-228.00,305.61,216.00,107.6,0.6393
Preserve,FringeSouth,XfHinokiM,-394.14,297.99,162.16,157.5,0.4777
Preserve,FringeSouth,XfMapleRed,-312.00,250.96,136.00,167.8,0.4460
Preserve,FringeSouth,XfSpruceM,-209.87,250.76,106.09,247.2,0.6168
Preserve,FringeSouth,XfHinokiM,-253.06,257.72,72.27,148.2,0.4368
Preserve,FringeSouth,XfHinokiM,-359.82,305.43,202.84,320.6,0.4721
Preserve,FringeSouth,XfFirM,-413.80,276.86,138.15,349.9,0.5725
Preserve,FringeSouth,XfMapleRed,-160.00,278.47,160.00,142.2,0.9494
Preserve,FringeSouth,XfFirM,-160.00,230.62,112.00,307.2,0.6415
Preserve,FringeSouth,XfSpruceM,-144.00,201.23,104.00,102.5,0.3599
Preserve,FringeSouth,XfHinokiM,-388.00,297.25,164.00,300.0,0.5529
Preserve,FringeSouth,XfHinokiM,-244.18,301.71,199.62,122.3,0.6404
Preserve,FringeSouth,XfHinokiM,-263.77,308.88,195.62,15.2,0.6012
Preserve,FringeSouth,XfSpruceM,-223.74,274.66,102.48,5.8,0.4038
Preserve,FringeSouth,XfSpruceM,-396.00,289.41,139.50,40.2,0.4963
Preserve,FringeSouth,XfSpruceM,-236.00,292.14,92.00,131.6,0.6584
Preserve,FringeSouth,XfFirM,-432.06,292.20,159.25,303.4,0.6210
Preserve,FringeSouth,XfSpruceM,-160.00,305.37,208.00,80.4,0.4863
Preserve,FringeSouth,XfHinokiM,-352.00,256.51,88.00,321.3,0.5036
Preserve,FringeSouth,XfMapleRed,-306.76,251.24,133.37,96.6,0.3587
Preserve,FringeSouth,XfSpruceM,-208.00,248.34,112.00,201.8,0.5453
Preserve,FringeSouth,XfFirM,-285.37,305.68,213.02,340.9,0.6009
Preserve,FringeSouth,XfHinokiM,-114.66,193.41,95.56,151.0,0.6481
Preserve,FringeSouth,XfSugi40,-280.82,289.87,143.63,271.0,0.5888
Preserve,FringeSouth,XfHinokiM,-336.89,281.16,174.72,280.3,0.6242
Preserve,FringeSouth,XfHinokiM,-337.42,273.57,173.78,341.8,0.3300
Preserve,FringeSouth,XfFirM,-421.24,282.50,95.20,168.9,0.6223
Preserve,FringeSouth,XfFirM,-293.05,303.14,207.04,14.8,0.3230
Preserve,FringeSouth,XfFirM,-424.00,261.03,72.00,235.5,0.3809
Preserve,FringeSouth,XfSpruceM,-205.02,239.36,106.28,2.2,0.5670
Preserve,FringeSouth,XfHinokiM,-103.40,291.92,157.34,341.7,0.5677
Preserve,FringeSouth,XfFirM,-419.37,283.60,93.32,358.8,0.5543
Preserve,FringeSouth,XfFirM,-270.80,305.62,163.68,115.1,0.4877
Preserve,FringeSouth,XfHinokiM,-105.47,202.08,93.98,82.8,0.5290
Preserve,FringeSouth,XfFirM,-264.00,305.60,164.00,229.3,0.4844
Preserve,FringeSouth,XfFirM,-432.41,267.84,125.34,302.7,0.4961
Preserve,FringeSouth,XfFirM,-269.25,306.67,162.97,204.0,0.5703
Preserve,FringeSouth,XfFirM,-432.04,278.52,130.59,347.1,0.6055
Preserve,FringeSouth,XfFirM,-441.98,291.67,159.77,202.1,0.3885
Preserve,FringeSouth,XfHinokiM,-228.00,287.53,164.00,257.9,0.4849
Preserve,FringeSouth,XfFirM,-425.27,269.12,76.08,73.9,0.6236
Preserve,FringeSouth,XfSpruceM,-159.05,305.38,213.91,290.8,0.4370
Preserve,FringeSouth,XfFirM,-356.00,218.14,68.00,106.0,0.3621
Preserve,FringeSouth,XfHinokiM,-332.00,279.18,172.00,199.2,0.6310
Preserve,FringeSouth,XfFirM,-293.02,305.12,205.57,353.1,0.4892
Preserve,FringeSouth,XfFirM,-456.00,301.68,96.00,153.5,0.5114
Preserve,FringeSouth,XfHinokiM,-356.00,283.04,132.00,192.1,0.5845
Preserve,FringeSouth,XfHinokiM,-304.50,297.42,190.15,63.3,0.6258
Preserve,FringeSouth,XfSpruceM,-164.50,306.44,211.08,198.6,0.5670
Preserve,FringeSouth,XfFirM,-267.33,304.46,169.93,327.2,0.4400
Preserve,FringeSouth,XfHinokiM,-296.06,288.91,185.71,306.0,0.3562
Preserve,FringeSouth,XfSugi40,-276.90,286.23,141.88,100.7,0.3649
Preserve,FringeSouth,XfSpruceM,-246.56,297.94,143.15,37.2,0.6003
Preserve,FringeSouth,XfSpruceM,-158.33,304.60,211.89,272.0,0.3620
Preserve,FringeSouth,XfFirM,-417.13,261.86,71.92,36.4,0.5500
Preserve,FringeSouth,XfHinokiM,-292.00,232.51,80.00,175.0,0.5843
Preserve,FringeSouth,XfHinokiM,-120.68,298.29,185.56,37.6,0.6008
Preserve,FringeSouth,XfSpruceM,-248.00,299.84,148.00,38.1,0.3927
Preserve,FringeSouth,XfHinokiM,-360.95,276.26,131.98,186.3,0.5889
Preserve,FringeSouth,XfHinokiM,-116.00,283.62,160.00,93.9,0.6477
Preserve,FringeSouth,XfHinokiM,-351.74,286.57,130.81,74.4,0.4455
Preserve,FringeSouth,XfMapleGold,-153.25,176.03,79.26,56.6,0.5612
Preserve,FringeSouth,XfFirM,-425.73,266.96,76.35,248.1,0.4057
Preserve,FringeSouth,XfHinokiYr,-156.00,283.56,176.00,13.5,0.5187
Preserve,FringeSouth,XfHinokiM,-250.74,258.28,77.86,108.5,0.6124
Preserve,FringeSouth,XfSpruceM,-216.00,299.90,188.00,115.7,0.5076
Preserve,FringeSouth,XfHinokiM,-221.54,284.68,148.35,218.9,0.5492
Preserve,FringeSouth,XfHinokiM,-356.00,284.98,172.00,206.9,0.4043
Preserve,FringeSouth,XfFirM,-416.00,278.59,96.00,298.2,0.6603
Preserve,FringeSouth,XfMapleGold,-152.00,179.10,84.00,58.1,0.3927
Preserve,FringeSouth,XfHinokiM,-224.66,285.72,150.83,348.7,0.5827
Preserve,FringeSouth,XfSpruceM,-392.00,235.49,80.00,196.6,0.4785
Preserve,FringeSouth,XfSpruceM,-237.40,276.01,128.56,348.8,0.4760
Preserve,FringeSouth,XfMapleGold,-155.24,174.09,77.94,143.8,0.3394
Preserve,FringeSouth,XfFirM,-128.20,246.77,135.88,243.0,0.4801
Preserve,FringeSouth,XfMapleGold,-127.07,201.02,102.23,167.9,0.6622
Preserve,FringeSouth,XfHinokiM,-105.19,289.52,151.11,27.4,0.5680
Preserve,FringeSouth,XfFirM,-400.00,301.94,216.00,72.1,0.4343
Preserve,FringeSouth,XfSpruceM,-324.00,222.88,104.00,121.8,0.5618
Preserve,FringeSouth,XfSpruceM,-395.77,247.23,107.83,105.0,0.5459
Preserve,FringeSouth,XfHinokiM,-327.77,278.27,171.28,308.8,0.3958
Preserve,FringeSouth,XfFirM,-148.00,237.06,128.00,319.0,0.4435
Preserve,FringeSouth,XfFirM,-411.59,267.92,94.30,276.9,0.4562
Preserve,FringeSouth,XfMapleGold,-456.00,311.12,172.00,116.8,0.9728
Preserve,FringeSouth,XfFirM,-324.00,244.02,124.00,92.1,0.4228
Preserve,FringeSouth,XfHinokiM,-101.17,255.50,123.08,349.6,0.6441
Preserve,FringeSouth,XfSpruceM,-266.31,236.82,79.23,11.1,0.3225
Preserve,FringeSouth,XfSpruceM,-396.00,304.73,188.00,347.0,0.5903
Preserve,HeadBowl,XfHinokiT,-451.68,282.69,-40.47,49.6,0.8794
Preserve,HeadBowl,XfHinokiYb,-430.82,244.42,56.84,101.8,1.1370
Preserve,HeadBowl,XfHinokiYb,-443.69,263.41,56.77,145.0,1.1041
Preserve,HeadBowl,XfHinokiMT,-424.78,245.91,55.72,6.3,0.9067
Preserve,HeadBowl,XfSpruceYb,-439.70,262.29,27.39,240.7,1.0356
Preserve,HeadBowl,XfSugi25T,-444.09,282.97,-38.87,72.5,1.2340
Preserve,HeadBowl,XfHinokiT,-444.83,285.09,-48.43,0.5,0.9299
Preserve,HeadBowl,XfHinokiMT,-435.04,256.47,44.64,119.2,1.3756
Preserve,HeadBowl,XfHinokiT,-452.84,285.60,-48.28,347.0,0.9350
Preserve,HeadBowl,XfSugi25T,-443.26,279.87,-33.04,142.9,1.2643
Preserve,HeadBowl,XfHinokiMT,-440.93,266.13,35.14,265.2,1.0758
Preserve,HeadBowl,XfSpruceMT,-444.37,267.65,47.43,143.7,0.8585
Preserve,HeadBowl,XfHinokiMT,-428.63,245.09,47.72,92.6,0.8815
Preserve,HeadBowlUnder,XfFirYb,-427.76,244.63,60.33,252.5,1.0398
Preserve,HeadBowlUnder,XfSugiYb,-452.00,281.15,-28.00,333.4,1.0968
Preserve,HeadBowlUnder,XfSpruceYb,-440.00,259.97,60.00,84.8,0.5950
Preserve,HeadBowlUnder,XfSpruceYb,-447.45,277.28,-49.77,175.9,1.0945
Preserve,HeadBowlUnder,XfSpruceYb,-453.07,277.72,-42.29,25.4,1.0461
Preserve,HeadBowlUnder,XfSugiYb,-456.46,294.88,54.47,139.7,1.1456
Preserve,HeadBowlUnder,XfSpruceYb,-460.00,297.05,32.00,230.7,1.1047
Preserve,HeadBowlUnder,XfSugiYb,-436.00,274.12,-56.00,303.8,1.0739
Preserve,HeadBowlUnder,XfSpruceYb,-440.00,261.14,36.00,173.7,0.9589
Preserve,HeadBowlUnder,XfSugiYb,-456.00,295.05,60.00,248.0,0.8608
Preserve,HeadBowlUnder,XfHinokiYb,-452.00,300.30,-8.00,353.8,0.6081
Preserve,HeadBowlUnder,XfHinokiYb,-438.05,261.09,34.55,160.2,0.8642
Preserve,HeadBowlUnder,XfHinokiYb,-456.00,271.03,-36.00,256.9,0.8653
Preserve,HeadBowlUnder,XfFirYb,-444.00,270.13,-32.00,29.8,0.6812
Preserve,HeadBowlUnder,XfHinokiYb,-460.00,307.92,4.00,316.4,1.1314
Preserve,HeadBowlUnder,XfSugiYb,-448.00,280.16,-20.00,275.1,0.9740
Preserve,HeadBowlUnder,XfSpruceYb,-444.00,274.38,-40.00,227.2,0.7157
Preserve,HeadBowlUnder,XfFirYb,-460.00,297.05,-20.00,335.4,0.8780
Preserve,HeadBowlUnder,XfSpruceYb,-456.00,296.44,44.00,24.3,0.9419
Preserve,HeadBowlUnder,XfFirYb,-448.00,271.26,52.00,324.2,1.0017
Preserve,HeadBowlUnder,XfHinokiYb,-460.00,303.99,16.00,133.4,0.9167
Preserve,HeadBowlUnder,XfSpruceYb,-444.00,276.20,-56.00,18.8,1.0330
Preserve,HeadBowlUnder,XfHinokiYb,-420.00,245.70,60.00,209.9,1.0132
Preserve,HeadBowlUnder,XfHinokiYb,-456.28,308.16,2.22,142.9,0.8573
Preserve,HeadBowlUnder,XfFirYb,-420.00,222.40,-36.00,62.7,0.8723
Preserve,HeadBowlUnder,XfHinokiYb,-436.00,258.52,28.00,97.7,0.9911
Preserve,HeadBowlUnder,XfSpruceYb,-440.00,278.30,-48.00,338.2,1.0281
Preserve,HeadBowlUnder,XfFirYb,-432.00,243.88,56.00,279.0,1.1433
Preserve,HeadBowlUnder,XfFirYb,-444.00,268.94,24.00,339.8,1.1193
Preserve,HeadBowlUnder,XfSugiYb,-456.00,301.37,24.00,327.2,1.0851
Preserve,EastCore,XfFirMT,47.57,131.45,-59.68,334.1,1.2715
Preserve,EastCore,XfSugiYb,-88.76,140.47,-22.92,40.6,0.8880
Preserve,EastCore,XfSpruceYb,116.16,86.17,28.20,274.0,1.1279
Preserve,EastCore,XfHinokiT,124.75,86.33,27.35,11.9,0.9741
Preserve,EastCore,XfFirMT,215.63,16.52,-44.57,350.3,0.9414
Preserve,EastCore,XfFirMT,103.09,111.56,-43.07,169.4,1.0739
Preserve,EastCore,XfSpruceYb,119.56,92.91,43.36,57.7,0.9244
Preserve,EastCore,XfFirMT,48.20,125.49,-52.53,292.8,1.0643
Preserve,EastCore,XfHinokiYb,215.12,100.82,19.99,237.8,1.0318
Preserve,EastCore,XfSpruceMT,111.01,100.14,43.30,96.8,1.0985
Preserve,EastCore,XfFirMT,168.32,71.86,28.98,356.1,1.0538
Preserve,EastCore,XfHinokiYb,216.58,207.35,48.28,348.9,0.9904
Preserve,EastCore,XfSpruceYb,209.17,11.45,-34.92,131.9,1.0550
Preserve,EastCore,XfHinokiT,176.51,71.80,36.99,119.4,1.0821
Preserve,EastCore,XfHinokiT,127.11,99.89,43.88,183.7,0.8661
Preserve,EastCore,XfHinokiT,137.07,90.81,-20.08,57.8,1.0844
Preserve,EastCore,XfFirMT,159.04,77.72,27.04,220.7,1.0855
Preserve,EastCore,XfHinokiT,144.81,93.61,-20.66,241.7,1.3605
Preserve,EastCore,XfFirYb,160.04,69.62,36.99,176.0,0.9989
Preserve,EastCore,XfHinokiYb,215.09,223.79,61.03,80.3,1.0495
Preserve,EastCore,XfHinokiYb,172.39,74.59,42.82,229.1,1.0411
Preserve,EastCore,XfHinokiT,143.51,87.68,-27.60,115.1,0.8853
Preserve,EastCore,XfSugi25T,-88.51,181.34,59.93,176.4,1.4542
Preserve,EastCore,XfSpruceYb,113.17,89.44,37.10,282.0,1.0299
Preserve,EastCore,XfSugi25T,-87.89,165.38,52.19,27.2,1.2056
Preserve,EastCore,XfHinokiT,207.64,209.84,49.19,83.7,0.9002
Preserve,EastCore,XfHinokiT,145.16,86.25,-11.73,188.2,1.0188
Preserve,EastCore,XfHinokiT,121.05,94.10,37.11,34.0,1.1483
Preserve,EastCore,XfSpruceMT,207.69,17.44,-51.46,12.0,0.9032
Preserve,EastCore,XfSugi25T,-88.19,153.72,43.81,58.9,1.0142
Preserve,EastCore,XfHinokiT,71.14,129.99,60.60,309.4,1.2976
Preserve,EastCore,XfFirMT,39.75,132.45,-60.06,92.2,1.0611
Preserve,EastCore,XfSpruceMT,192.61,23.91,-43.90,267.0,0.8923
Preserve,EastCore,XfFirMT,115.00,105.33,-44.89,295.5,0.9003
Preserve,EastCore,XfSpruceMT,200.63,23.66,-42.95,76.3,1.3678
Preserve,EastCore,XfFirYb,39.24,123.47,-51.92,119.1,1.0442
Preserve,EastCore,XfHinokiMT,4.10,147.46,60.17,96.7,0.8529
Preserve,EastCore,XfSugi25T,-79.67,154.39,44.77,109.8,1.0026
Preserve,EastCore,XfHinokiYb,19.71,135.08,60.23,105.4,1.1072
Preserve,EastCore,XfSpruceMT,193.14,24.12,-36.53,311.2,1.0194
Preserve,EastCore,XfSugi25T,-80.95,166.13,-52.72,132.6,1.1710
Preserve,EastCore,XfHinokiMT,55.49,124.97,-59.52,338.1,0.9721
Preserve,EastCore,XfSpruceMT,-88.67,158.80,-48.84,349.9,0.9790
Preserve,EastCore,XfFirMT,87.06,107.53,-39.53,48.7,1.1040
Preserve,EastCore,XfSpruceYb,119.61,83.99,-31.78,111.3,1.0914
Preserve,EastCore,XfSugi25T,-88.75,148.08,-32.34,234.3,0.9651
Preserve,EastCore,XfFirMT,125.07,103.77,-43.54,289.0,1.0667
Preserve,EastCore,XfHinokiT,-88.98,149.53,7.05,271.3,1.3464
Preserve,EastCore,XfSpruceMT,-88.26,142.06,0.06,33.2,0.9431
Preserve,EastCore,XfFirYb,208.08,12.31,-43.00,31.7,1.0132
Preserve,EastCore,XfSugi25T,-79.74,160.70,-44.18,329.4,1.1812
Preserve,EastCore,XfFirMT,54.94,120.92,-52.33,316.7,1.1103
Preserve,EastCore,XfSpruceMT,-79.62,140.38,7.06,10.4,1.0831
Preserve,EastCore,XfHinokiYb,-80.56,133.53,-0.73,61.4,0.9681
Preserve,EastCore,XfSpruceMT,-88.97,146.41,15.57,162.5,0.9783
Preserve,EastCore,XfFirMT,200.38,19.58,-36.82,129.7,0.9885
Preserve,EastCore,XfHinokiT,209.19,203.51,40.23,22.3,1.0398
Preserve,EastCore,XfHinokiT,12.64,149.52,60.79,56.2,1.1817
Preserve,EastCore,XfHinokiT,152.89,86.48,-24.89,83.0,1.0917
Preserve,EastCore,XfSpruceMT,-87.96,167.22,-54.83,135.0,1.0425
Preserve,EastCore,XfHinokiT,29.01,135.64,60.52,46.5,0.8541
Preserve,EastCore,XfHinokiT,215.51,210.49,39.04,44.0,1.3158
Preserve,EastCore,XfFirMT,65.05,130.01,61.02,200.0,1.0344
Preserve,EastCore,XfHinokiYb,86.94,113.75,61.10,154.0,0.8602
Preserve,EastCore,XfHinokiT,79.57,123.51,58.87,357.3,0.9481
Preserve,EastCore,XfHinokiYb,56.54,127.00,60.11,91.3,0.9605
Preserve,EastCore,XfHinokiT,168.13,76.26,36.54,33.0,1.1971
Preserve,EastCore,XfSugi25T,-88.40,157.74,-39.99,335.0,1.4136
Preserve,EastUnder,XfFirYb,56.00,118.68,-56.00,171.5,1.1008
Preserve,EastUnder,XfFirYb,212.00,12.89,-60.00,206.0,0.9678
Preserve,EastUnder,XfHinokiYb,187.08,21.83,-28.88,235.2,0.9357
Preserve,EastUnder,XfSpruceYb,88.00,111.43,56.00,84.6,0.9726
Preserve,EastUnder,XfSpruceYb,168.00,66.13,32.00,214.6,0.9071
Preserve,EastUnder,XfSugiYb,108.00,108.59,-44.00,334.0,1.0813
Preserve,EastUnder,XfHinokiYb,160.00,132.19,-56.00,13.6,0.9752
Preserve,EastUnder,XfSpruceYb,140.00,69.41,28.00,265.7,0.5777
Preserve,EastUnder,XfHinokiYb,184.00,25.76,-24.00,13.4,1.1057
Preserve,EastUnder,XfSugiYb,140.00,64.78,20.00,120.1,1.0777
Preserve,EastUnder,XfHinokiYb,130.94,79.66,-23.59,315.1,0.9388
Preserve,EastUnder,XfHinokiYb,211.44,11.32,-39.07,115.2,1.0627
Preserve,EastUnder,XfHinokiYb,120.00,70.64,-4.00,355.8,1.0140
Preserve,EastUnder,XfFirYb,208.00,10.47,-40.00,67.1,0.6428
Preserve,EastUnder,XfSpruceYb,-88.00,139.14,12.00,73.7,0.8834
Preserve,EastUnder,XfSpruceYb,52.00,123.79,56.00,19.6,1.0490
Preserve,EastUnder,XfSpruceYb,220.00,213.28,52.00,139.4,0.9707
Preserve,EastUnder,XfFirYb,123.95,73.28,15.13,312.6,0.5891
Preserve,EastUnder,XfSugiYb,192.00,19.74,-40.00,354.8,1.1488
Preserve,EastUnder,XfSpruceYb,152.00,71.93,28.00,345.5,0.6986
Preserve,EastUnder,XfSpruceYb,48.00,114.55,-44.00,274.6,0.9673
Preserve,EastUnder,XfSugiYb,-84.00,139.60,-32.00,150.5,0.8979
Preserve,EastUnder,XfHinokiYb,104.00,91.62,24.00,12.8,0.6240
Preserve,EastUnder,XfFirYb,124.00,75.96,20.00,228.8,0.7142
Preserve,EastUnder,XfHinokiYb,182.97,56.40,29.24,248.6,0.9504
Preserve,EastUnder,XfHinokiYb,145.98,76.18,-12.45,281.0,0.6033
Preserve,EastUnder,XfHinokiYb,164.00,79.92,44.00,57.7,0.8925
Preserve,EastUnder,XfSugiYb,168.00,86.97,52.00,356.7,0.9030
Preserve,EastUnder,XfSpruceYb,176.00,74.68,48.00,190.6,0.9522
Preserve,EastUnder,XfHinokiYb,136.00,63.72,-4.00,1.2,0.7294
Preserve,EastUnder,XfHinokiYb,140.04,65.55,-5.99,255.4,0.6664
Preserve,EastUnder,XfSpruceYb,208.00,11.80,-52.00,184.2,0.5582
Preserve,EastUnder,XfFirYb,208.00,11.84,0.00,313.4,0.7090
Preserve,EastUnder,XfSpruceYb,196.00,18.74,-32.00,34.8,1.0618
Preserve,EastUnder,XfSpruceYb,136.00,62.58,8.00,238.0,0.6831
Preserve,EastUnder,XfFirYb,188.00,50.33,40.00,95.2,0.9844
Preserve,EastUnder,XfHinokiYb,136.00,92.80,-40.00,54.1,1.0803
Preserve,EastUnder,XfHinokiYb,210.88,11.11,-40.53,30.2,1.0660
Preserve,EastUnder,XfHinokiYb,120.00,73.37,12.00,74.9,0.9308
Preserve,EastUnder,XfHinokiYb,116.45,86.32,21.46,343.2,1.0168
Preserve,EastUnder,XfFirYb,20.00,130.97,56.00,276.5,0.9302
Preserve,EastUnder,XfHinokiYb,144.00,81.64,-24.00,247.3,0.9342
Preserve,EastUnder,XfHinokiYb,179.93,32.09,-22.76,140.0,1.1319
Preserve,EastUnder,XfHinokiYb,188.00,52.88,28.00,17.5,0.8953
Preserve,EastUnder,XfHinokiYb,142.45,74.74,32.78,319.4,1.0867
Preserve,EastUnder,XfFirYb,156.00,92.49,48.00,353.9,1.0100
Preserve,EastUnder,XfHinokiYb,108.00,88.70,0.00,1.3,0.6671
Preserve,EastUnder,XfSugiYb,52.45,115.31,-47.03,103.5,0.9288
Preserve,EastUnder,XfFirYb,164.35,67.88,25.54,149.0,1.1488
Preserve,EastUnder,XfSugiYb,56.00,112.94,-44.00,116.0,1.0157
Preserve,EastUnder,XfSugiYb,148.15,74.18,32.02,11.8,1.0453
Preserve,EastUnder,XfSpruceYb,159.32,68.38,-13.44,30.0,1.1180
Preserve,EastUnder,XfSugiYb,28.00,131.60,-60.00,285.3,0.8726
Preserve,EastUnder,XfFirYb,124.00,106.63,56.00,12.4,0.7417
Preserve,EastUnder,XfHinokiYb,144.00,84.50,-36.00,127.4,0.6628
Preserve,EastUnder,XfSpruceYb,152.00,72.12,20.00,143.5,0.9740
Preserve,EastUnder,XfSugiYb,104.00,97.64,44.00,172.6,0.9304
Preserve,EastUnder,XfSugiYb,52.47,115.48,-49.53,18.1,1.1372
Preserve,EastUnder,XfSpruceYb,176.00,56.58,-8.00,262.8,1.1302
Preserve,EastUnder,XfSpruceYb,156.00,75.12,-16.00,140.0,1.0900
Preserve,EastUnder,XfHinokiYb,172.00,68.12,40.00,184.6,0.8948
Preserve,EastUnder,XfFirYb,212.00,197.47,40.00,343.4,1.0418
Preserve,EastUnder,XfFirYb,64.00,117.71,-60.00,275.7,0.9219
Preserve,EastUnder,XfSugiYb,136.00,92.41,44.00,339.5,1.1057
Preserve,EastUnder,XfHinokiYb,137.22,81.62,-21.18,162.8,0.9073
Preserve,EastUnder,XfFirYb,164.00,63.70,20.00,174.6,1.1181
Preserve,EastUnder,XfHinokiYb,136.00,83.62,-28.00,263.3,1.0564
Preserve,EastUnder,XfFirYb,-83.06,152.94,-49.91,273.7,0.7129
Preserve,EastUnder,XfFirYb,104.00,92.07,32.00,113.8,0.8761
Preserve,EastUnder,XfSpruceYb,39.13,126.78,-59.21,352.6,1.1469
Preserve,EastUnder,XfHinokiYb,116.00,72.54,4.00,86.1,0.7219
Preserve,EastUnder,XfFirYb,36.00,124.10,-48.00,168.4,1.1390
Preserve,EastUnder,XfFirYb,-88.00,156.75,-52.00,63.8,0.6784
Preserve,EastUnder,XfHinokiYb,143.38,80.46,-28.05,94.8,0.8886
Preserve,EastUnder,XfFirYb,150.57,98.54,52.06,321.6,0.8748
Preserve,EastUnder,XfSugiYb,200.00,49.50,4.00,273.4,0.8756
Preserve,EastUnder,XfHinokiYb,36.00,128.18,-60.00,28.1,1.1075
Preserve,EastUnder,XfSpruceYb,38.55,126.52,-61.84,101.4,0.9948
Preserve,EastUnder,XfSpruceYb,118.17,89.46,40.25,156.8,0.8753
Preserve,EastUnder,XfFirYb,216.09,104.78,26.39,24.4,1.1093
Preserve,EastUnder,XfSpruceYb,116.00,101.81,-44.00,185.2,1.0863
Preserve,EastUnder,XfSpruceYb,32.00,124.24,56.00,163.7,1.0096
Preserve,EastUnder,XfFirYb,-80.00,134.31,8.00,276.9,1.0726
Preserve,EastUnder,XfSpruceYb,116.00,88.27,36.00,94.2,1.0910
Preserve,EastUnder,XfHinokiYb,156.20,75.54,-29.56,13.7,0.9206
Preserve,EastUnder,XfFirYb,157.42,97.26,52.22,313.1,1.0846
Preserve,EastUnder,XfSpruceYb,44.00,125.90,-60.00,1.2,1.1418
Preserve,EastUnder,XfHinokiYb,200.00,15.28,-44.00,334.6,1.0229
Preserve,EastUnder,XfFirYb,160.00,70.99,28.00,292.9,0.9036
Preserve,EastUnder,XfFirYb,216.00,100.92,20.00,24.3,1.0803
Preserve,EastUnder,XfHinokiYb,84.00,110.56,-44.00,195.7,0.6331
Preserve,EastUnder,XfHinokiYb,112.00,86.54,-32.00,265.0,1.1212
Preserve,EastUnder,XfSpruceYb,204.00,18.81,-32.00,313.1,0.9513
Preserve,EastUnder,XfHinokiYb,48.00,118.76,-52.00,132.5,0.6500
Preserve,EastUnder,XfHinokiYb,-88.00,136.25,0.00,127.5,0.6571
Preserve,EastUnder,XfSpruceYb,110.12,89.29,34.22,77.1,0.9767
Preserve,EastUnder,XfHinokiYb,64.00,123.38,60.00,206.9,0.5747
Preserve,EastUnder,XfFirYb,216.00,18.08,-8.00,206.9,1.0051
Preserve,EastUnder,XfSpruceYb,152.00,84.89,-36.00,95.1,0.9715
Preserve,EastUnder,XfSugiYb,160.00,70.74,36.00,86.6,0.9968
Preserve,EastUnder,XfFirYb,112.57,97.33,49.16,176.0,1.0851
Preserve,EastUnder,XfHinokiYb,185.45,56.35,32.27,209.5,0.9446
Preserve,EastUnder,XfHinokiYb,108.00,88.25,16.00,199.0,0.5781
Preserve,EastUnder,XfFirYb,116.00,102.12,52.00,140.3,1.0002
Preserve,EastUnder,XfHinokiYb,140.00,105.35,56.00,243.5,0.6813
Preserve,EastUnder,XfHinokiYb,109.01,93.37,-36.78,196.9,1.0027
Preserve,EastUnder,XfSpruceYb,128.00,71.07,-8.00,111.3,1.0443
Preserve,EastUnder,XfSpruceYb,-88.00,140.49,-24.00,359.5,1.0227
Preserve,EastUnder,XfSpruceYb,128.00,84.15,-32.00,237.5,0.8839
Preserve,EastUnder,XfSugiYb,80.00,116.08,60.00,262.2,0.9672
Preserve,EastUnder,XfHinokiYb,164.00,66.97,-24.00,132.1,0.7406
Preserve,EastUnder,XfHinokiYb,112.00,87.66,24.00,354.5,0.8652
Preserve,EastUnder,XfFirYb,210.43,201.78,44.84,159.5,1.1123
Preserve,EastUnder,XfSpruceYb,12.00,136.91,56.00,38.1,0.9520
Preserve,EastUnder,XfHinokiYb,72.00,117.11,56.00,331.4,0.6651
Preserve,EastUnder,XfHinokiYb,150.26,77.75,-24.93,157.7,1.0681
Preserve,EastUnder,XfHinokiYb,216.00,223.94,60.00,322.0,1.0206
Preserve,EastUnder,XfHinokiYb,105.22,90.27,-33.55,112.6,1.0740
Preserve,EastUnder,XfFirYb,212.00,211.43,52.00,231.1,1.1481
Preserve,EastUnder,XfFirYb,4.87,142.73,58.78,72.0,0.6138
Preserve,EastUnder,XfSpruceYb,216.00,10.50,-16.00,10.5,0.9996
Preserve,EastUnder,XfFirYb,123.94,83.37,-23.58,88.0,0.7136
Preserve,EastUnder,XfFirYb,-80.00,133.51,0.00,280.6,1.0081
Preserve,EastUnder,XfFirYb,148.00,65.78,-4.00,263.5,0.9271
Preserve,EastUnder,XfHinokiYb,123.76,98.57,47.99,222.0,1.0183
Preserve,EastUnder,XfHinokiYb,172.00,54.83,16.00,304.2,0.9581
Preserve,EastUnder,XfHinokiYb,130.08,97.25,48.79,181.4,0.9527
Preserve,EastUnder,XfFirYb,132.00,74.69,28.00,163.6,0.6663
Preserve,EastUnder,XfSpruceYb,-84.00,145.99,-40.00,140.8,1.0115
Preserve,EastUnder,XfHinokiYb,107.62,88.39,20.65,257.9,1.1154
Preserve,EastUnder,XfHinokiYb,216.00,11.46,-52.00,264.6,1.0198
Preserve,EastUnder,XfSpruceYb,144.00,90.33,44.00,4.8,1.0289
Preserve,EastUnder,XfHinokiYb,216.00,10.55,-32.00,122.9,0.9286
Preserve,EastUnder,XfHinokiYb,216.00,11.45,-44.00,294.2,1.0654
Preserve,EastUnder,XfHinokiYb,128.00,93.01,44.00,244.0,0.9451
Preserve,EastUnder,XfHinokiYb,-80.00,145.14,40.00,124.5,0.8767
Preserve,EastUnder,XfFirYb,128.00,63.69,8.00,239.4,1.0063
Preserve,EastFringeNorth,XfHinokiM,28.00,266.66,-196.00,57.1,0.4918
Preserve,EastFringeNorth,XfHinokiM,-63.91,284.33,-175.33,293.4,0.3239
Preserve,EastFringeNorth,XfHinokiM,75.68,300.11,-212.30,350.5,0.3604
Preserve,EastFringeNorth,XfHinokiM,-63.31,284.95,-180.27,349.1,0.5689
Preserve,EastFringeNorth,XfHinokiYr,38.13,243.73,-180.48,60.7,0.5537
Preserve,EastFringeNorth,XfSpruceM,147.80,304.19,-213.84,10.5,0.4872
Preserve,EastFringeNorth,XfFirM,168.00,301.96,-168.00,53.1,0.6235
Preserve,EastFringeNorth,XfHinokiYr,48.26,275.60,-152.80,172.6,0.3362
Preserve,EastFringeNorth,XfSugi40,24.00,214.82,-136.00,179.2,0.6082
Preserve,EastFringeNorth,XfSugi40,-60.01,281.86,-216.47,194.0,0.6407
Preserve,EastFringeNorth,XfHinokiM,-64.78,286.50,-171.08,325.1,0.3490
Preserve,EastFringeNorth,XfSpruceM,69.69,128.04,-67.87,132.7,0.5309
Preserve,EastFringeNorth,XfSpruceM,-66.84,285.89,-132.15,247.3,0.3216
Preserve,EastFringeNorth,XfSpruceM,152.00,304.34,-216.00,20.0,0.4872
Preserve,EastFringeNorth,XfSpruceM,176.70,239.20,-112.87,65.0,0.5862
Preserve,EastFringeNorth,XfHinokiM,78.52,294.47,-156.26,94.7,0.6560
Preserve,EastFringeNorth,XfHinokiM,74.99,302.43,-214.56,179.9,0.3525
Preserve,EastFringeNorth,XfHinokiM,-88.00,306.08,-176.00,144.5,0.5766
Preserve,EastFringeNorth,XfHinokiYr,112.00,224.64,-128.00,214.9,0.5998
Preserve,EastFringeNorth,XfHinokiYr,44.00,272.54,-148.00,344.7,0.6264
Preserve,EastFringeNorth,XfSugi40,-64.00,229.38,-96.00,189.6,0.6315
Preserve,EastFringeNorth,XfHinokiYr,44.00,246.17,-180.00,91.7,0.3650
Preserve,EastFringeNorth,XfSpruceM,67.08,128.92,-68.22,251.9,0.6094
Preserve,EastFringeNorth,XfHinokiM,83.39,305.64,-214.64,121.7,0.3832
Preserve,EastFringeNorth,XfSpruceM,128.00,197.24,-92.00,36.4,0.4730
Preserve,EastFringeNorth,XfSpruceM,157.99,304.04,-216.42,92.3,0.5383
Preserve,EastFringeNorth,XfHinokiM,116.00,300.65,-192.00,282.4,0.4595
Preserve,EastFringeNorth,XfHinokiYr,37.33,260.10,-148.10,304.6,0.5270
Preserve,EastFringeNorth,XfSpruceM,-68.00,281.04,-128.00,36.7,0.5679
Preserve,EastFringeNorth,XfHinokiM,26.74,264.85,-191.71,59.0,0.4313
Preserve,EastFringeNorth,XfSpruceM,128.00,305.94,-212.00,335.1,0.4650
Preserve,EastFringeNorth,XfSugi40,-59.00,236.05,-98.16,61.6,0.5186
Preserve,EastFringeNorth,XfSpruceM,31.83,143.56,-85.04,287.4,0.4138
Preserve,EastFringeNorth,XfSpruceM,72.00,133.10,-72.00,138.5,0.6066
Preserve,EastFringeNorth,XfSugi40,-70.30,216.15,-96.03,262.1,0.4121
Preserve,EastFringeNorth,XfHinokiM,-60.00,245.17,-68.00,114.6,0.5959
Preserve,EastFringeNorth,XfSugi40,120.00,270.59,-148.00,31.3,0.6865
Preserve,EastFringeNorth,XfHinokiM,27.88,264.65,-190.42,17.5,0.4193
Preserve,EastFringeNorth,XfSpruceM,8.00,203.23,-156.00,134.1,0.4376
Preserve,EastFringeNorth,XfSpruceM,151.24,303.83,-211.29,16.2,0.4739
Preserve,EastFringeNorth,XfSpruceM,0.81,157.93,-82.72,207.7,0.4524
Preserve,EastFringeNorth,XfSugi40,185.75,211.79,-83.08,311.8,0.4853
Preserve,EastFringeNorth,XfHinokiYr,28.00,227.11,-168.00,302.5,0.3580
Preserve,EastFringeNorth,XfHinokiYr,44.53,245.44,-173.85,184.0,0.5024
Preserve,EastFringeNorth,XfSpruceM,-84.00,249.38,-112.00,224.0,0.6171
Preserve,EastFringeNorth,XfHinokiYr,111.54,230.55,-132.53,131.1,0.4628
Preserve,EastFringeNorth,XfSpruceM,100.70,270.16,-142.78,234.2,0.5586
Preserve,EastFringeNorth,XfHinokiM,189.37,304.47,-162.25,169.2,0.5000
Preserve,EastFringeNorth,XfHinokiM,25.13,264.43,-190.02,57.4,0.5373
Preserve,EastFringeNorth,XfHinokiM,-52.00,269.85,-156.00,301.4,0.3547
Preserve,EastFringeNorth,XfSpruceM,-62.26,286.43,-128.81,174.9,0.5870
Preserve,EastFringeNorth,XfHinokiYr,129.14,142.78,-80.92,322.0,0.6506
Preserve,EastFringeNorth,XfHinokiYr,39.46,242.32,-175.80,334.4,0.5728
Preserve,EastFringeNorth,XfSpruceM,33.43,145.07,-83.92,247.7,0.5956
Preserve,EastFringeNorth,XfSpruceM,89.01,281.01,-176.22,124.3,0.6469
Preserve,EastFringeNorth,XfHinokiM,-46.85,264.87,-151.27,8.8,0.3641
Preserve,EastFringeNorth,XfHinokiYr,41.28,266.54,-152.28,25.5,0.5681
Preserve,EastFringeNorth,XfSpruceM,100.00,277.74,-148.00,16.1,0.6406
Preserve,EastFringeNorth,XfSpruceM,66.47,209.10,-108.00,67.1,0.5436
Preserve,EastFringeNorth,XfFirM,5.57,233.56,-189.59,101.1,0.5963
Preserve,EastFringeNorth,XfHinokiM,188.00,305.90,-156.00,316.3,0.3905
Preserve,EastFringeNorth,XfHinokiM,-55.91,278.25,-160.53,68.8,0.5079
Preserve,EastFringeNorth,XfHinokiM,8.00,178.45,-112.00,121.8,0.4315
Preserve,EastFringeNorth,XfHinokiM,80.00,303.70,-212.00,280.0,0.4713
Preserve,EastFringeNorth,XfSpruceM,97.37,286.78,-153.31,160.6,0.3377
Preserve,EastFringeNorth,XfHinokiYr,110.37,213.50,-121.95,158.0,0.6124
Preserve,EastFringeNorth,XfMapleGold,196.00,302.61,-132.00,72.0,0.9676
Preserve,EastFringeNorth,XfHinokiM,180.00,303.77,-208.00,93.3,0.3803
Preserve,EastFringeNorth,XfFirM,147.60,296.52,-155.96,284.2,0.5168
Preserve,EastFringeNorth,XfSpruceM,-72.67,287.11,-130.47,275.0,0.5016
Preserve,EastFringeNorth,XfMapleRed,-80.00,289.01,-152.00,51.8,0.5273
Preserve,EastFringeNorth,XfHinokiM,-51.70,262.19,-149.66,71.8,0.5610
Preserve,EastFringeNorth,XfSugi40,37.16,235.37,-128.45,92.8,0.5003
Preserve,EastFringeNorth,XfHinokiM,76.00,167.05,-92.00,340.0,0.3682
Preserve,EastFringeNorth,XfSpruceM,63.20,234.46,-117.74,323.7,0.5334
Preserve,EastFringeNorth,XfSugi40,-44.00,275.58,-208.00,348.1,0.6072
Preserve,EastFringeNorth,XfSugi40,193.69,234.06,-91.02,347.4,0.6567
Preserve,EastFringeNorth,XfFirM,116.00,300.91,-168.00,210.6,0.3423
Preserve,EastFringeNorth,XfFirM,146.56,284.87,-147.64,236.6,0.5932
Preserve,EastFringeNorth,XfSpruceM,48.00,287.80,-200.00,124.6,0.6134
Preserve,EastFringeNorth,XfHinokiM,2.22,179.73,-110.79,139.0,0.5681
Preserve,EastFringeNorth,XfFirM,12.00,237.98,-188.00,321.2,0.4286
Preserve,EastFringeNorth,XfFirM,144.00,293.16,-152.00,258.7,0.4330
Preserve,EastFringeNorth,XfHinokiM,-48.00,262.19,-116.00,285.0,0.3201
Preserve,EastFringeNorth,XfSpruceM,94.31,268.80,-144.04,264.4,0.5035
Preserve,EastFringeNorth,XfSpruceM,12.00,254.15,-212.00,347.0,0.6262
Preserve,EastFringeNorth,XfSpruceM,36.00,146.23,-88.00,192.5,0.3918
Preserve,EastFringeNorth,XfSpruceM,-80.00,301.51,-192.00,269.0,0.3324
Preserve,EastFringeNorth,XfSpruceM,43.12,282.90,-200.69,330.9,0.4941
Preserve,EastFringeNorth,XfSpruceM,64.00,221.77,-112.00,262.5,0.5580
Preserve,EastFringeNorth,XfSugi40,183.58,222.19,-90.03,350.8,0.7146
Preserve,EastFringeNorth,XfFirM,141.25,301.44,-155.98,185.7,0.5491
Preserve,EastFringeNorth,XfSpruceM,45.16,277.63,-195.50,245.2,0.6137
Preserve,EastFringeNorth,XfSugi40,-64.00,285.79,-216.00,233.4,0.6062
Preserve,EastFringeNorth,XfHinokiM,109.49,306.67,-215.37,75.6,0.4952
Preserve,EastFringeNorth,XfSpruceM,1.00,155.10,-78.82,356.5,0.4389
Preserve,EastFringeNorth,XfHinokiM,-68.00,288.85,-176.00,319.3,0.4400
Preserve,EastFringeNorth,XfFirM,-80.00,202.04,-84.00,141.4,0.5186
Preserve,EastFringeNorth,XfSpruceM,132.00,262.39,-128.00,14.2,0.3963
Preserve,EastFringeNorth,XfSugi40,188.00,219.80,-88.00,230.3,0.6305
Preserve,EastFringeNorth,XfHinokiM,173.45,139.85,-71.96,342.7,0.4670
Preserve,EastFringeNorth,XfSpruceM,49.30,275.40,-193.87,64.8,0.5262
Preserve,EastFringeNorth,XfFirM,9.56,236.10,-191.78,161.5,0.5437
Preserve,EastFringeNorth,XfHinokiM,-33.85,258.14,-163.54,219.2,0.3195
Preserve,EastFringeNorth,XfHinokiM,20.00,145.48,-80.00,171.2,0.3736
Preserve,EastFringeNorth,XfHinokiM,182.61,305.39,-157.42,53.9,0.5336
Preserve,EastFringeNorth,XfMapleGold,196.60,305.02,-138.68,225.7,0.4877
Preserve,EastFringeNorth,XfHinokiM,-32.00,260.17,-168.00,119.5,0.4845
Preserve,EastFringeNorth,XfHinokiM,104.00,306.92,-216.00,226.8,0.5859
Preserve,EastFringeNorth,XfHinokiM,60.00,296.72,-216.00,210.5,0.4000
Preserve,EastFringeNorth,XfSpruceM,-12.19,239.00,-178.98,255.1,0.5681
Preserve,EastFringeNorth,XfSpruceM,38.85,141.69,-82.12,321.6,0.4157
Preserve,EastFringeNorth,XfSpruceM,-12.00,230.10,-172.00,12.6,0.4275
Preserve,EastFringeNorth,XfSpruceM,137.34,268.00,-128.72,264.3,0.3512
Preserve,EastFringeNorth,XfFirM,36.00,283.69,-216.00,221.3,0.5196
Preserve,EastFringeNorth,XfFirM,68.78,290.23,-136.76,246.1,0.4384
Preserve,EastFringeNorth,XfSugi40,117.69,262.43,-143.32,220.6,0.6874
Preserve,EastFringeNorth,XfFirM,119.80,303.64,-169.30,300.8,0.4663
Preserve,EastFringeNorth,XfSpruceM,172.00,230.92,-116.00,18.0,0.5105
Preserve,EastFringeNorth,XfFirM,-82.90,201.98,-89.23,55.4,0.3858
Preserve,EastFringeNorth,XfHinokiM,99.14,306.25,-216.20,181.1,0.4340
Preserve,EastFringeNorth,XfHinokiM,-28.40,247.35,-165.95,347.9,0.4768
Preserve,EastFringeNorth,XfHinokiM,-35.68,270.00,-170.63,104.0,0.6570
Preserve,EastFringeNorth,XfFirYr,-32.00,228.80,-140.00,218.5,0.5998
Preserve,EastFringeNorth,XfMapleGold,108.00,164.94,-92.89,219.6,0.5026
Preserve,EastFringeNorth,XfFirM,-75.65,204.21,-78.56,157.5,0.5764
Preserve,EastFringeNorth,XfFirM,60.21,283.18,-137.53,108.0,0.4157
Preserve,EastFringeNorth,XfSugi40,172.00,285.67,-144.00,309.4,0.3704
Preserve,EastFringeNorth,XfFirM,59.80,284.78,-134.14,326.6,0.5772
Preserve,EastFringeNorth,XfSpruceM,0.09,155.11,-78.24,48.1,0.4489
Preserve,EastFringeNorth,XfSpruceM,126.15,254.79,-129.12,107.8,0.5262
Preserve,EastFringeNorth,XfFirM,64.00,287.72,-136.00,170.8,0.6426
Preserve,EastFringeNorth,XfFirYr,-28.69,227.96,-144.46,10.2,0.4785
Preserve,EastFringeNorth,XfFirM,88.00,297.70,-192.00,243.5,0.5714
Preserve,EastFringeNorth,XfSugi40,90.81,203.44,-103.22,72.7,0.7071
Preserve,EastFringeNorth,XfHinokiM,101.07,306.75,-211.54,176.6,0.5369
Preserve,EastFringeNorth,XfFirYr,-28.33,227.59,-143.61,185.9,0.4686
Preserve,EastFringeNorth,XfSugi40,125.12,281.83,-150.84,309.6,0.5076
Preserve,EastFringeNorth,XfHinokiM,83.24,292.47,-157.64,61.6,0.4337
Preserve,EastFringeNorth,XfSpruceM,99.41,289.14,-181.19,44.0,0.3592
Preserve,EastFringeNorth,XfHinokiM,212.00,11.70,-84.00,344.3,0.3659
Preserve,EastFringeNorth,XfFirM,121.47,304.19,-168.07,147.4,0.5155
Preserve,EastFringeNorth,XfFirM,140.00,305.84,-172.00,342.5,0.4388
Preserve,EastFringeNorth,XfSpruceM,135.94,269.83,-131.18,161.2,0.3505
Preserve,EastFringeNorth,XfHinokiYr,92.00,128.38,-68.00,93.6,0.4706
Preserve,EastFringeNorth,XfSugi40,176.78,285.53,-141.28,128.2,0.5029
Preserve,EastFringeNorth,XfMapleGold,104.00,159.14,-88.00,64.4,0.6508
Preserve,EastFringeNorth,XfHinokiM,77.54,282.80,-164.56,3.0,0.6239
Preserve,EastFringeNorth,XfHinokiYr,95.42,135.99,-70.33,117.5,0.5675
Preserve,EastFringeNorth,XfSugi40,-24.00,257.22,-216.00,313.5,0.3785
Preserve,EastFringeNorth,XfHinokiYr,97.32,130.15,-67.07,245.8,0.5207
Preserve,EastFringeNorth,XfHinokiM,-27.86,168.65,-75.61,143.4,0.3522
Preserve,EastFringeNorth,XfSpruceM,-16.00,190.04,-108.00,319.1,0.4591
Preserve,EastFringeNorth,XfHinokiYr,96.94,130.22,-69.26,263.5,0.6749
Preserve,EastFringeNorth,XfHinokiM,192.87,306.93,-159.50,81.9,0.5866
Preserve,EastFringeNorth,XfSpruceM,96.00,286.25,-176.00,71.1,0.5927
Preserve,EastFringeNorth,XfSpruceM,-9.14,179.45,-108.05,11.4,0.5335
Preserve,EastFringeNorth,XfMapleGold,103.77,169.33,-94.31,272.8,0.3955
Preserve,EastFringeNorth,XfHinokiM,152.27,304.16,-180.11,162.1,0.5525
Preserve,EastFringeNorth,XfSpruceM,-17.82,238.74,-173.52,199.7,0.4361
Preserve,EastFringeNorth,XfFirM,-4.00,266.73,-216.00,163.2,0.5499
Preserve,EastFringeNorth,XfSpruceM,-4.00,154.73,-80.00,192.9,0.3572
Preserve,EastFringeNorth,XfSpruceM,-7.33,224.90,-171.83,227.4,0.5119
Preserve,EastFringeNorth,XfSpruceM,90.08,280.11,-177.59,198.2,0.3854
Preserve,EastFringeNorth,XfSugi40,92.00,206.53,-108.00,85.9,0.5281
Preserve,EastFringeNorth,XfFirM,156.00,186.42,-96.00,84.0,0.6479
Preserve,EastFringeNorth,XfSugi40,-4.00,237.77,-196.00,129.8,0.4543
Preserve,EastFringeNorth,XfFirM,140.00,303.52,-200.00,247.9,0.4173
Preserve,EastFringeNorth,XfFirM,156.00,250.28,-132.00,72.8,0.3746
Preserve,EastFringeNorth,XfHinokiM,88.00,260.83,-132.00,235.5,0.3498
Preserve,EastFringeNorth,XfFirM,111.30,301.03,-168.62,196.5,0.5970
Preserve,EastFringeSouth,XfHinokiM,-83.13,241.86,100.60,228.7,0.4092
Preserve,EastFringeSouth,XfMapleGold,38.48,236.15,159.26,110.8,0.6569
Preserve,EastFringeSouth,XfFirM,-51.43,272.94,111.30,192.5,0.5222
Preserve,EastFringeSouth,XfHinokiM,67.61,239.96,176.99,254.5,0.4183
Preserve,EastFringeSouth,XfMapleGold,46.08,228.37,162.76,351.0,0.5860
Preserve,EastFringeSouth,XfFirM,-50.27,271.43,112.66,288.6,0.4269
Preserve,EastFringeSouth,XfSpruceM,148.00,302.25,180.00,205.2,0.5152
Preserve,EastFringeSouth,XfFirM,122.30,279.94,150.68,193.1,0.5106
Preserve,EastFringeSouth,XfFirM,-30.79,299.93,147.61,288.5,0.4216
Preserve,EastFringeSouth,XfSpruceM,4.00,233.40,132.00,213.0,0.3273
Preserve,EastFringeSouth,XfFirM,140.00,293.29,152.00,140.8,0.6180
Preserve,EastFringeSouth,XfHinokiM,168.00,302.09,180.00,333.3,0.4319
Preserve,EastFringeSouth,XfFirYr,95.45,254.55,184.27,347.4,0.5302
Preserve,EastFringeSouth,XfFirM,-28.00,299.43,152.00,306.6,0.5141
Preserve,EastFringeSouth,XfHinokiM,59.98,226.51,151.13,55.7,0.4568
Preserve,EastFringeSouth,XfHinokiM,-80.00,241.67,104.00,335.2,0.5427
Preserve,EastFringeSouth,XfHinokiM,64.00,238.25,172.00,178.0,0.4534
Preserve,EastFringeSouth,XfSugi40,54.91,272.21,197.57,100.4,0.5568
Preserve,EastFringeSouth,XfSpruceM,-72.00,261.95,128.00,318.6,0.5636
Preserve,EastFringeSouth,XfSpruceM,193.89,303.26,210.73,211.3,0.6100
Preserve,EastFringeSouth,XfMapleGold,150.42,301.05,218.26,218.0,0.4860
Preserve,EastFringeSouth,XfFirM,-32.42,300.28,154.03,284.9,0.5271
Preserve,EastFringeSouth,XfSugi40,48.49,267.38,188.21,93.1,0.4309
Preserve,EastFringeSouth,XfSpruceM,135.92,128.36,67.96,168.5,0.3505
Preserve,EastFringeSouth,XfMapleGold,40.00,241.15,164.00,306.2,0.5788
Preserve,EastFringeSouth,XfHinokiM,-56.00,291.68,144.00,350.2,0.3717
Preserve,EastFringeSouth,XfHinokiM,184.00,264.37,88.00,308.3,0.3833
Preserve,EastFringeSouth,XfMapleGold,31.78,159.94,86.10,202.5,0.6387
Preserve,EastFringeSouth,XfHinokiM,33.79,259.64,184.77,330.2,0.5994
Preserve,EastFringeSouth,XfSugi40,64.00,279.03,212.00,337.9,0.5571
Preserve,EastFringeSouth,XfFirM,142.41,300.67,158.20,44.4,0.4239
Preserve,EastFringeSouth,XfHinokiM,57.89,234.41,171.91,99.9,0.3641
Preserve,EastFringeSouth,XfFirYr,91.95,249.87,184.89,352.0,0.3264
Preserve,EastFringeSouth,XfMapleRed,-80.00,299.53,176.00,212.9,0.9925
Preserve,EastFringeSouth,XfFirM,127.69,262.30,138.90,227.7,0.5863
Preserve,EastFringeSouth,XfSpruceM,140.00,135.51,72.00,116.8,0.4187
Preserve,EastFringeSouth,XfSpruceM,-40.00,291.26,132.00,79.6,0.4822
Preserve,EastFringeSouth,XfHinokiM,28.00,292.72,216.00,204.9,0.4982
Preserve,EastFringeSouth,XfFirM,160.00,301.56,196.00,352.1,0.6280
Preserve,EastFringeSouth,XfHinokiM,-52.00,190.38,68.00,206.7,0.5506
Preserve,EastFringeSouth,XfMapleRed,-31.20,215.50,105.03,126.8,0.5600
Preserve,EastFringeSouth,XfFirM,138.02,296.62,158.44,15.2,0.4064
Preserve,EastFringeSouth,XfSpruceM,-88.00,286.95,152.00,216.2,0.4594
Preserve,EastFringeSouth,XfSpruceM,168.00,284.81,124.00,80.2,0.3367
Preserve,EastFringeSouth,XfFirM,124.00,267.43,144.00,322.7,0.4129
Preserve,EastFringeSouth,XfFirM,92.26,137.54,77.54,347.9,0.4813
Preserve,EastFringeSouth,XfSpruceM,192.33,296.40,111.28,141.9,0.5820
Preserve,EastFringeSouth,XfHinokiM,64.00,225.44,148.00,314.4,0.3315
Preserve,EastFringeSouth,XfFirYr,6.33,192.99,112.39,267.3,0.5989
Preserve,EastFringeSouth,XfSpruceM,-32.00,300.24,176.00,186.4,0.3796
Preserve,EastFringeSouth,XfFirM,119.50,266.93,143.73,71.6,0.6659
Preserve,EastFringeSouth,XfHinokiYr,-64.00,249.88,88.00,276.7,0.4422
Preserve,EastFringeSouth,XfSpruceM,160.00,279.80,140.00,102.7,0.3844
Preserve,EastFringeSouth,XfFirM,-40.00,214.30,88.00,357.4,0.4331
Preserve,EastFringeSouth,XfFirM,64.00,199.48,104.00,16.3,0.6219
Preserve,EastFringeSouth,XfMapleGold,30.41,164.82,92.75,58.1,0.6280
Preserve,EastFringeSouth,XfMapleGold,144.00,300.75,216.00,199.4,0.5373
Preserve,EastFringeSouth,XfFirM,-64.00,290.67,160.00,18.2,0.3134
Preserve,EastFringeSouth,XfSpruceM,138.25,146.25,77.78,333.8,0.6309
Preserve,EastFringeSouth,XfFirM,8.00,163.36,92.00,323.3,0.4095
Preserve,EastFringeSouth,XfHinokiM,-75.78,246.83,105.55,214.3,0.4061
Preserve,EastFringeSouth,XfFirYr,12.00,196.77,116.00,234.3,0.4722
Preserve,EastFringeSouth,XfMapleGold,28.00,158.59,88.00,285.6,0.4672
Preserve,EastFringeSouth,XfHinokiM,168.00,308.77,160.00,103.7,0.6308
Preserve,EastFringeSouth,XfFirM,-50.35,301.47,159.36,126.2,0.5916
Preserve,EastFringeSouth,XfFirM,68.35,138.87,78.54,98.5,0.4847
Preserve,EastFringeSouth,XfFirM,-52.12,272.00,108.98,91.6,0.6335
Preserve,EastFringeSouth,XfFirM,-49.29,302.84,164.22,24.1,0.6182
Preserve,EastFringeSouth,XfSpruceM,141.07,143.93,76.43,168.9,0.4081
Preserve,EastFringeSouth,XfFirM,-46.73,300.04,155.00,286.8,0.3194
Preserve,EastFringeSouth,XfSpruceM,182.35,299.78,182.27,329.4,0.4113
Preserve,EastFringeSouth,XfSugi40,52.34,263.11,186.95,235.3,0.3756
Preserve,EastFringeSouth,XfSpruceM,196.00,303.86,216.00,259.5,0.5319
Preserve,EastFringeSouth,XfFirM,134.25,286.49,153.38,61.0,0.3337
Preserve,EastFringeSouth,XfSpruceM,194.62,301.73,180.35,75.0,0.5820
Preserve,EastFringeSouth,XfHinokiM,140.00,298.22,196.00,56.1,0.4150
Preserve,EastFringeSouth,XfSpruceM,-4.35,298.89,210.76,91.3,0.5113
Preserve,EastFringeSouth,XfFirM,-56.00,273.50,112.00,9.2,0.3914
Preserve,EastFringeSouth,XfFirM,-44.00,302.35,160.00,58.0,0.5243
Preserve,EastFringeSouth,XfMapleGold,45.10,234.55,163.49,97.7,0.6735
Preserve,EastFringeSouth,XfSpruceM,-4.74,299.35,212.52,180.1,0.5421
Preserve,EastFringeSouth,XfHinokiYr,-44.00,298.73,196.00,224.4,0.5173
Preserve,EastFringeSouth,XfSpruceM,112.28,286.86,158.38,226.3,0.3435
Preserve,EastFringeSouth,XfMapleRed,164.00,198.54,96.00,292.8,0.4357
Preserve,EastFringeSouth,XfSpruceM,120.00,286.48,212.00,344.2,0.5743
Preserve,EastFringeSouth,XfFirM,104.00,265.27,204.00,169.9,0.3311
Preserve,EastFringeSouth,XfHinokiM,3.53,297.52,168.03,4.4,0.3388
Preserve,EastFringeSouth,XfSpruceM,105.95,279.38,164.33,32.3,0.5496
Preserve,EastFringeSouth,XfSpruceM,-88.32,278.93,145.92,78.7,0.5545
Preserve,EastFringeSouth,XfSpruceM,-4.00,199.07,108.00,321.7,0.6266
Preserve,EastFringeSouth,XfHinokiM,84.00,263.34,160.00,129.0,0.5238
Preserve,EastFringeSouth,XfFirYr,16.00,284.11,200.00,126.1,0.3983
Preserve,EastFringeSouth,XfSpruceM,108.00,286.66,160.00,111.5,0.3572
Preserve,EastFringeSouth,XfHinokiM,189.22,261.44,84.48,145.1,0.3817
Preserve,EastFringeSouth,XfFirM,116.00,129.16,68.00,319.5,0.4131
Preserve,EastFringeSouth,XfHinokiM,84.00,255.07,136.00,239.6,0.4511
Preserve,EastFringeSouth,XfSpruceM,81.64,259.13,196.02,90.8,0.5250
Preserve,EastFringeSouth,XfFirYr,101.66,260.18,182.97,154.5,0.6025
Preserve,EastFringeSouth,XfFirYr,-9.08,288.37,157.79,214.5,0.4712
Preserve,EastFringeSouth,XfMapleRed,166.32,197.87,89.41,175.8,0.5207
Preserve,EastFringeSouth,XfHinokiYr,100.00,190.60,116.00,350.1,0.5087
Preserve,EastFringeSouth,XfSpruceM,80.00,253.89,192.00,32.7,0.6278
Preserve,EastFringeSouth,XfHinokiM,8.93,289.39,174.90,155.1,0.5677
Preserve,EastFringeSouth,XfFirM,104.00,243.70,136.00,288.3,0.4916
Preserve,EastFringeSouth,XfFirM,123.85,239.68,122.25,281.6,0.5962
Preserve,EastFringeSouth,XfHinokiM,-84.59,233.63,105.52,60.8,0.5455
Preserve,EastFringeSouth,XfHinokiM,-52.00,300.58,176.00,153.5,0.3955
Preserve,EastFringeSouth,XfSpruceM,204.00,265.78,96.00,249.5,0.3217
Preserve,EastFringeSouth,XfSpruceM,84.41,256.76,195.48,297.0,0.4936
Preserve,EastFringeSouth,XfHinokiM,7.27,296.39,167.59,245.1,0.4012
Preserve,EastFringeSouth,XfFirM,120.00,237.87,124.00,274.4,0.5573
Preserve,EastFringeSouth,XfFirYr,18.34,197.87,115.84,349.5,0.6609
Preserve,EastFringeSouth,XfFirM,119.12,229.42,119.94,241.3,0.3773
Preserve,EastFringeSouth,XfMapleRed,84.00,186.33,104.00,280.7,0.5925
Preserve,EastFringeSouth,XfFirM,52.00,158.44,88.00,233.7,0.5315
Preserve,EastFringeSouth,XfSpruceM,83.36,256.10,194.79,88.0,0.4044
Preserve,EastFringeSouth,XfSpruceM,-84.00,243.03,84.00,123.8,0.4206
Preserve,EastFringeSouth,XfHinokiM,44.00,292.29,212.00,251.0,0.5758
Preserve,EastFringeSouth,XfMapleGold,120.00,275.48,176.00,39.1,0.6468
Preserve,EastFringeSouth,XfSpruceM,160.00,127.42,68.00,344.6,0.4738
Preserve,EastFringeSouth,XfSpruceM,-83.42,277.45,149.27,294.4,0.6363
Preserve,EastFringeSouth,XfMapleGold,125.22,281.84,180.32,315.4,0.6429
Preserve,EastFringeSouth,XfFirM,94.83,152.42,85.90,280.9,0.3370
Preserve,EastFringeSouth,XfSpruceM,105.07,281.57,156.26,131.6,0.3879
Preserve,EastFringeSouth,XfSpruceM,201.67,268.85,90.82,345.7,0.4356
Preserve,EastFringeSouth,XfHinokiM,83.64,252.82,166.80,140.0,0.5568
Preserve,EastFringeSouth,XfFirM,55.13,151.77,82.06,358.1,0.6035
Preserve,EastFringeSouth,XfMapleRed,159.92,191.21,97.41,47.3,0.5815
Preserve,EastFringeSouth,XfFirYr,12.94,189.82,111.95,181.4,0.4204
Preserve,EastFringeSouth,XfSpruceM,203.21,257.29,89.05,25.6,0.4001
Preserve,EastFringeSouth,XfFirYr,-5.76,288.45,155.87,70.7,0.4472
Preserve,EastFringeSouth,XfFirYr,96.00,253.38,180.00,211.4,0.5209
Preserve,EastFringeSouth,XfHinokiM,182.13,270.22,93.76,247.5,0.3946
Preserve,EastFringeSouth,XfFirM,96.00,146.55,80.00,57.2,0.4010
Preserve,EastFringeSouth,XfMapleGold,124.27,280.37,181.23,301.8,0.6265
Preserve,EastFringeSouth,XfMapleGold,184.00,304.49,156.00,132.2,0.5246
Preserve,EastFringeSouth,XfHinokiM,84.00,285.04,216.00,194.1,0.4908
Preserve,EastFringeSouth,XfHinokiM,-8.00,162.78,88.00,292.3,0.3575
Preserve,EastFringeSouth,XfHinokiM,66.02,239.12,167.47,349.7,0.5345
Preserve,EastFringeSouth,XfHinokiM,-16.00,300.61,168.00,20.9,0.6154
Preserve,EastFringeSouth,XfFirYr,22.80,242.97,153.94,163.4,0.5456
Preserve,EastFringeSouth,XfSpruceM,188.00,291.75,112.00,70.4,0.5059
Preserve,EastFringeSouth,XfFirM,124.16,240.25,123.80,110.7,0.6542
Preserve,EastFringeSouth,XfHinokiM,180.00,252.55,85.95,351.7,0.6444
Preserve,EastFringeSouth,XfHinokiM,86.00,273.68,153.50,207.7,0.5278
Preserve,EastFringeSouth,XfHinokiM,89.39,269.69,160.01,148.5,0.5347
Preserve,EastFringeSouth,XfFirM,77.53,139.41,80.67,73.4,0.5537
Preserve,EastFringeSouth,XfHinokiM,133.77,189.90,95.60,147.5,0.5911
Preserve,EastFringeSouth,XfMapleGold,180.00,295.76,140.00,154.3,0.5637
Preserve,EastFringeSouth,XfFirM,46.90,160.24,86.83,203.0,0.4774
Preserve,EastFringeSouth,XfFirM,-24.75,296.83,149.05,30.6,0.3522
Preserve,EastFringeSouth,XfFirM,67.24,146.37,83.20,204.1,0.6483
Preserve,EastFringeSouth,XfFirM,98.06,144.90,76.24,344.3,0.6531
Preserve,EastFringeSouth,XfSugi40,52.00,272.01,192.00,137.5,0.7146
Preserve,EastFringeSouth,XfMapleGold,126.10,281.64,177.42,220.1,0.4212
Preserve,EastFringeSouth,XfFirM,72.00,145.21,84.00,307.1,0.5223
Preserve,EastFringeSouth,XfHinokiM,136.00,181.78,92.00,234.3,0.5468
Preserve,EastFringeSouth,XfSpruceM,0.00,299.00,212.00,256.6,0.3211
ArrangementsDraft,Arr_Tunnel_T01,XfKatsuraM,56.00,198.33,134.00,0.0,1.0000
ArrangementsDraft,Arr_Tunnel_T02,PineNiwakiA,-125.50,171.02,70.08,0.0,0.9000
ArrangementsDraft,Arr_Tunnel_T03,XfMapleM,-197.00,178.18,62.41,0.0,0.9500
ArrangementsDraft,Arr_Tunnel_T04,XfCherryM,-183.00,213.55,105.34,0.0,0.9000
ArrangementsDraft,Arr_Tunnel_T05,XfHinokiMT,-332.00,214.30,94.00,0.0,0.9000
ArrangementsDraft,Arr_Tunnel_T06,XfKatsuraM,-355.00,262.14,98.12,0.0,1.0000
ArrangementsDraft,Arr_Tunnel_T07,PineNiwakiA,-279.00,185.35,36.56,0.0,0.9000
ArrangementsDraft,Arr_Tunnel_T08,XfMapleM,-329.00,218.83,-93.34,0.0,0.9500
ArrangementsDraft,Arr_Tunnel_T09,XfCherryM,-270.66,199.13,-57.00,0.0,0.9000
ArrangementsDraft,Arr_Tunnel_T10,XfHinokiMT,-206.00,204.86,-96.00,0.0,0.9000
ArrangementsDraft,Arr_Tunnel_T12,XfKatsuraM,-129.00,154.76,-61.34,0.0,1.0000
ArrangementsDraft,Arr_Tunnel_T13,PineNiwakiA,-5.34,197.75,-149.00,0.0,0.9000
ArrangementsDraft,Arr_SuspensionBridge_A,SugiMidC,-245.91,297.26,108.52,0.0,1.0000
ArrangementsDraft,Arr_SuspensionBridge_A,SugiMidA,-234.91,291.66,110.52,73.0,0.8500
ArrangementsDraft,Arr_SuspensionBridge_B,SugiMidC,-245.91,266.13,-109.09,0.0,1.0000
ArrangementsDraft,Arr_SuspensionBridge_B,SugiMidA,-234.91,253.98,-107.09,73.0,0.8500
ArrangementsDraft,Arr_RiverCrossing_A,SugiMidC,-294.80,185.86,29.22,0.0,1.0000
ArrangementsDraft,Arr_RiverCrossing_A,SugiMidA,-283.80,183.39,31.22,73.0,0.8500
ArrangementsDraft,Arr_RiverCrossing_B,SugiMidC,-294.80,184.15,-34.02,0.0,1.0000
ArrangementsDraft,Arr_RiverCrossing_B,SugiMidA,-283.80,179.91,-32.02,73.0,0.8500
ArrangementsDraft,Arr_Pool_1,XfMapleA,-223.56,172.80,-6.95,0.0,1.0000
ArrangementsDraft,Arr_Pool_1,FernClump,-219.56,174.37,-9.95,109.0,1.0000
ArrangementsDraft,Arr_Pool_2,XfKanzanA,23.82,122.35,-44.87,0.0,1.0000
ArrangementsDraft,Arr_Pool_2,XfSpruceYr,31.82,120.88,-41.87,335.0,1.0000
ArrangementsDraft,Arr_Pool_2,XfKanzanM,37.82,119.49,-46.87,132.0,0.9000
ArrangementsDraft,Arr_Pool_4,XfKanzanA,122.67,64.22,2.85,0.0,1.0000
ArrangementsDraft,Arr_Pool_4,XfSpruceYr,130.67,61.15,5.85,335.0,1.0000
ArrangementsDraft,Arr_Pool_4,XfKanzanM,136.67,60.30,0.85,132.0,0.9000
ArrangementsDraft,Arr_Pool_6,XfKanzanA,238.88,101.12,7.54,0.0,1.0000
ArrangementsDraft,Arr_Pool_6,XfSpruceYr,246.88,107.90,10.54,335.0,1.0000
ArrangementsDraft,Arr_Pool_6,XfKanzanM,252.88,111.87,5.54,132.0,0.9000
ArrangementsDraft,Arr_Pool_7,XfMapleA,-39.07,110.15,1.60,0.0,1.0000
ArrangementsDraft,Arr_Pool_7,XfMapleM,-47.07,111.13,6.60,129.0,0.8500
ArrangementsDraft,Arr_Pool_7,FernClump,-35.07,112.03,-1.40,109.0,1.0000
ArrangementsDraft,Arr_RiverSquareStair_foot,XfHinokiMT,-39.79,110.22,30.36,175.0,0.9000
ArrangementsDraft,Arr_RiverSquareStair_foot,XfKatsuraM,-31.79,113.79,37.36,215.0,1.0000
ArrangementsDraft,Arr_RiverSquareStair_foot,XfHinokiYb,-41.79,113.60,34.36,153.0,1.0000
ArrangementsDraft,Arr_RiverSquareStair_head,RealisticBamboo,-93.71,140.11,36.79,0.0,4.9291
ArrangementsDraft,Arr_RiverSquareStair_head,RealisticBamboo,-84.71,143.51,39.79,12.0,4.1897
ArrangementsDraft,Arr_RiverTraverse_foot,XfHinokiYr,-94.07,140.06,35.22,0.0,1.0000
ArrangementsDraft,Arr_RiverTraverse_foot,XfSpruceYr,-87.07,142.34,38.22,298.0,0.9000
ArrangementsDraft,Arr_RiverTraverse_foot,XfFirYr,-100.07,142.69,40.22,203.0,1.0000
ArrangementsDraft,Arr_RiverTraverse_foot,XfHinokiYb,-91.07,145.00,43.22,215.0,1.0000
ArrangementsDraft,Arr_RiverTraverse_foot,XfSpruceYb,-97.07,140.70,31.22,197.0,1.0000
ArrangementsDraft,Arr_RiverTraverse_head,XfCherryA,-193.86,160.09,37.76,0.0,1.0000
ArrangementsDraft,Arr_RiverTraverse_head,PineNiwakiD,-202.86,165.01,42.76,92.0,0.8000
ArrangementsDraft,Arr_RiverTraverse_head,XfCherryM,-185.86,163.41,43.76,14.0,0.8500
ArrangementsDraft,Arr_NW2040Path_foot,XfHinokiMT,-99.57,165.97,62.43,175.0,0.9000
ArrangementsDraft,Arr_NW2040Path_foot,XfHinokiYb,-101.57,171.68,66.43,153.0,1.0000
ArrangementsDraft,Arr_NW2040Path_head,RealisticBamboo,-200.21,214.35,97.16,0.0,4.9291
ArrangementsDraft,Arr_NW2040Path_head,RealisticBamboo,-191.21,212.21,100.16,12.0,4.1897
ArrangementsDraft,Arr_PathLanterns_foot,XfHinokiYr,73.09,112.78,-56.13,0.0,1.0000
ArrangementsDraft,Arr_PathLanterns_foot,XfSpruceYr,80.09,114.76,-53.13,298.0,0.9000
ArrangementsDraft,Arr_PathLanterns_foot,XfFirYr,67.09,110.77,-51.13,203.0,1.0000
ArrangementsDraft,Arr_PathLanterns_foot,XfHinokiYb,76.09,114.01,-48.13,215.0,1.0000
ArrangementsDraft,Arr_PathLanterns_foot,XfSpruceYb,70.09,116.14,-60.13,197.0,1.0000
ArrangementsDraft,Arr_PathLanterns_head,XfCherryA,-327.93,215.71,-90.65,0.0,1.0000
ArrangementsDraft,Arr_PathLanterns_head,PineNiwakiD,-336.93,215.31,-85.65,92.0,0.8000
ArrangementsDraft,Arr_PathLanterns_head,XfCherryM,-319.93,233.16,-84.65,14.0,0.8500
ArrangementsDraft,Arr_RiverUpperClimb_foot,XfHinokiMT,-302.16,180.49,-29.75,175.0,0.9000
ArrangementsDraft,Arr_RiverUpperClimb_foot,XfKatsuraM,-294.16,179.04,-22.75,215.0,1.0000
ArrangementsDraft,Arr_RiverUpperClimb_foot,XfHinokiYb,-304.16,183.28,-25.75,153.0,1.0000
ArrangementsDraft,Arr_PathRailings_foot,XfHinokiYr,77.04,118.52,-62.70,0.0,1.0000
ArrangementsDraft,Arr_PathRailings_foot,XfSpruceYr,84.04,116.43,-59.70,298.0,0.9000
ArrangementsDraft,Arr_PathRailings_foot,XfFirYr,71.04,113.27,-57.70,203.0,1.0000
ArrangementsDraft,Arr_PathRailings_foot,XfHinokiYb,80.04,115.17,-54.70,215.0,1.0000
ArrangementsDraft,Arr_PathRailings_foot,XfSpruceYb,74.04,122.35,-66.70,197.0,1.0000
ArrangementsDraft,Arr_PathRailings_head,XfCherryA,-412.97,208.15,-33.67,0.0,1.0000
ArrangementsDraft,Arr_PathRailings_head,PineNiwakiD,-421.97,218.38,-28.67,92.0,0.8000
ArrangementsDraft,Arr_NW1012West_foot,XfHinokiMT,51.84,196.37,110.64,175.0,0.9000
ArrangementsDraft,Arr_NW1012West_foot,XfKatsuraM,59.84,198.25,117.64,215.0,1.0000
ArrangementsDraft,Arr_NW1012West_foot,XfHinokiYb,49.84,200.19,114.64,153.0,1.0000
ArrangementsDraft,Arr_NW1012West_head,RealisticBamboo,-69.08,238.84,75.94,0.0,4.9291
ArrangementsDraft,Arr_PathSteps_foot,XfHinokiYr,149.21,135.27,-63.20,0.0,1.0000
ArrangementsDraft,Arr_PathSteps_foot,XfSpruceYr,156.21,135.13,-60.20,298.0,0.9000
ArrangementsDraft,Arr_PathSteps_foot,XfFirYr,143.21,130.01,-58.20,203.0,1.0000
ArrangementsDraft,Arr_PathSteps_foot,XfHinokiYb,152.21,130.79,-55.20,215.0,1.0000
ArrangementsDraft,Arr_PathSteps_foot,XfSpruceYb,146.21,135.06,-67.20,197.0,1.0000
ArrangementsDraft,Arr_PathSteps_head,XfCherryA,-10.19,142.15,-71.89,0.0,1.0000
ArrangementsDraft,Arr_PathSteps_head,PineNiwakiD,-19.19,144.29,-66.89,92.0,0.8000
ArrangementsDraft,Arr_PathSteps_head,XfCherryM,-2.19,140.50,-65.89,14.0,0.8500
ArrangementsDraft,Arr_NW80FallsStair_foot,XfHinokiMT,-375.39,212.94,61.58,175.0,0.9000
ArrangementsDraft,Arr_NW80FallsStair_foot,XfKatsuraM,-367.39,218.85,68.58,215.0,1.0000
ArrangementsDraft,Arr_NW80FallsStair_foot,XfHinokiYb,-377.39,218.40,65.58,153.0,1.0000
ArrangementsDraft,Arr_NW80FallsStair_head,RealisticBamboo,-435.58,271.47,-24.02,0.0,4.9291
ArrangementsDraft,Arr_Prom_BenchLanding,SugiHero_SugiSmart,-365.59,215.89,65.00,0.0,1.0000
ArrangementsDraft,Arr_Prom_BenchLanding,SugiMidB,-356.59,217.99,70.00,38.0,0.8500
ArrangementsDraft,Arr_Prom_BenchLanding,SugiMidA,-373.59,219.92,69.00,116.0,0.8000
ArrangementsDraft,Arr_Prom_JunctionLanding,SugiHero_SugiSmart,-136.50,154.43,-56.08,0.0,1.0000
ArrangementsDraft,Arr_Prom_JunctionLanding,SugiMidB,-127.50,156.48,-51.08,38.0,0.8500
ArrangementsDraft,Arr_Prom_JunctionLanding,SugiMidA,-144.50,155.52,-52.08,116.0,0.8000
EastBackdrop,EastPocket_02,XfSugi40,290.13,140.02,-66.75,110.4,1.2500
EastBackdrop,EastPocket_02,XfSugi40,305.64,137.52,-57.93,59.3,0.9890
EastBackdrop,EastPocket_02,XfFirM_sky,280.94,148.98,-46.78,23.5,0.8531
EastBackdrop,EastPocket_02,XfMapleGold_sky,298.93,142.35,-68.68,224.6,1.5938
EastBackdrop,EastPocket_02,XfMapleRed_sky,290.30,148.37,-43.00,256.3,1.2855
EastBackdrop,EastPocket_02,XfSpruceM_sky,295.19,141.41,-57.88,316.4,0.8406
EastBackdrop,EastPocket_02,XfSpruceM_sky,303.22,139.04,-83.53,234.3,0.9571
EastBackdrop,EastPocket_02,XfSpruceM_sky,287.17,144.66,-55.38,159.6,1.1851
EastBackdrop,EastPocket_02,XfHinokiM_sky,313.23,144.06,-69.69,314.4,0.9222
EastBackdrop,EastPocket_02,XfSpruceM_sky,280.41,149.69,-35.52,270.0,1.0343
EastBackdrop,EastPocket_03,XfHinokiM_sky,246.71,114.48,25.60,121.9,1.1922
EastBackdrop,EastPocket_03,XfFirM_sky,265.94,117.26,-2.57,318.6,1.1709
EastBackdrop,EastPocket_03,XfFirM_sky,255.96,108.66,20.67,246.8,1.1350
EastBackdrop,EastPocket_03,XfHinokiM_sky,233.40,114.50,21.84,204.2,1.1636
EastBackdrop,EastPocket_03,XfSugi40,255.93,118.86,43.96,75.9,0.9350
EastBackdrop,EastPocket_03,XfMapleGold_sky,267.67,113.30,5.62,48.7,1.7749
EastBackdrop,EastPocket_03,XfHinokiM_sky,252.48,116.38,33.91,309.8,0.9544
EastBackdrop,EastPocket_03,XfHinokiM_sky,259.40,113.34,28.58,186.2,1.1514
EastBackdrop,EastPocket_03,XfFirM_sky,239.21,114.90,31.63,324.0,0.8877
EastBackdrop,EastPocket_06,XfHinokiM_sky,393.61,172.05,-71.06,184.9,1.2496
EastBackdrop,EastPocket_06,XfHinokiM_sky,374.95,167.19,-90.12,11.9,1.0873
EastBackdrop,EastPocket_06,XfSpruceM_sky,371.94,170.68,-68.05,5.1,1.0244
EastBackdrop,EastPocket_06,XfMapleGold_sky,364.89,175.10,-60.12,53.2,1.6433
EastBackdrop,EastPocket_06,XfFirM_sky,377.52,164.34,-74.38,280.6,1.1135
EastBackdrop,EastPocket_07,XfMapleGold_sky,287.65,121.47,5.25,247.5,1.4613
EastBackdrop,EastPocket_07,XfSpruceM_sky,292.50,120.03,-3.93,125.3,0.9792
EastBackdrop,EastPocket_07,XfMapleGold_sky,297.95,125.97,9.48,119.6,1.3222
EastBackdrop,EastPocket_07,XfSpruceM_sky,278.81,118.44,2.89,23.4,0.8308
EastBackdrop,EastPocket_08,XfSpruceM_sky,306.96,139.69,-92.79,285.5,0.8545
EastBackdrop,EastPocket_08,XfFirM_sky,296.27,125.82,-119.19,312.7,1.0969
EastBackdrop,EastPocket_08,XfSpruceM_sky,289.51,120.43,-115.96,249.4,0.9509
EastBackdrop,EastPocket_09,XfHinokiM_sky,262.81,46.01,-100.93,286.6,0.8444
EastBackdrop,EastPocket_09,XfSpruceM_sky,243.75,27.78,-75.35,57.5,0.9555
EastBackdrop,EastPocket_09,XfHinokiM_sky,243.99,31.73,-84.19,106.5,0.9341
EastBackdrop,EastPocket_12,XfSpruceM_sky,405.66,215.50,-117.67,290.1,0.9110
ShoreRocks,ShoreRocks,Stone_Shore_38,-402.50,214.58,-39.43,192.4,1.0000
ShoreRocks,ShoreRocks,Stone_Shore_59,-263.97,177.51,20.86,208.9,1.0000
ShoreRocks,ShoreRocks,Stone_Shore_27,-153.58,150.03,-14.40,88.6,1.0000
ShoreRocks,ShoreRocks,Stone_Shore_60,-253.49,174.58,22.60,252.5,1.0000
ShoreRocks,ShoreRocks,Stone_Shore_57,-256.07,176.74,25.53,80.9,1.0000
ShoreRocks,ShoreRocks,Stone_Shore_61,-256.93,173.54,12.55,161.2,1.0000
ShoreRocks,ShoreRocks,Stone_Shore_26,-158.00,153.29,-14.00,247.7,1.0000
ShoreRocks,ShoreRocks,Stone_Shore_28,-159.72,153.83,-7.31,306.2,1.0000
ShoreRocks,ShoreRocks,Stone_Shore_56,-258.00,175.00,18.00,23.6,1.0000
ShoreRocks,ShoreRocks,Stone_Shore_84,-46.61,112.49,4.99,126.1,1.0000
ShoreRocks,ShoreRocks,Stone_Shore_96,5.92,106.02,-30.61,286.8,1.0000
ShoreRocks,ShoreRocks,Stone_Shore_97,3.40,107.98,-26.23,83.9,1.0000
ShoreRocks,ShoreRocks,Stone_Shore_115,56.81,113.21,-10.91,343.4,1.0000
ShoreRocks,ShoreRocks,Stone_Shore_116,59.54,106.43,-15.37,351.5,1.0000
ShoreRocks,ShoreRocks,Stone_Shore_29,-155.41,150.50,-9.56,292.4,1.0000
ShoreRocks,ShoreRocks,Stone_Shore_33,-312.10,182.88,10.50,147.5,1.0000
ShoreRocks,ShoreRocks,Stone_Shore_21,-229.97,175.92,-11.80,46.4,1.0000
ShoreRocks,ShoreRocks,Stone_Shore_117,74.00,108.55,-18.00,48.4,1.0000
ShoreRocks,ShoreRocks,Stone_Shore_22,-398.00,209.81,-2.00,338.0,1.0000
ShoreRocks,ShoreRocks,Stone_Shore_20,-234.30,181.12,-23.29,148.8,1.0000
ShoreRocks,ShoreRocks,Stone_Shore_32,-314.36,185.87,12.27,18.8,1.0000
ShoreRocks,ShoreRocks,Stone_Shore_118,74.02,108.60,-12.93,133.3,1.0000
ShoreRocks,ShoreRocks,Stone_Shore_119,72.34,109.09,-10.26,222.4,1.0000
ShoreRocks,ShoreRocks,Stone_Shore_30,-318.00,184.20,10.00,180.8,1.0000
ShoreRocks,ShoreRocks,Stone_Shore_120,79.92,103.84,-18.76,116.5,1.0000
ShoreRocks,ShoreRocks,Stone_Shore_123,145.42,58.77,10.03,57.4,1.0000
ShoreRocks,ShoreRocks,Stone_Shore_108,61.13,110.21,-36.08,334.2,1.0000
ShoreRocks,ShoreRocks,Stone_Shore_122,146.00,61.10,6.00,85.4,1.0000
ShoreRocks,ShoreRocks,Stone_Shore_109,47.49,111.53,-38.62,274.6,1.0000
ShoreRocks,ShoreRocks,Stone_Shore_126,162.00,61.31,-6.00,340.7,1.0000
ShoreRocks,ShoreRocks,Stone_Shore_124,152.80,59.42,7.10,336.0,1.0000
ShoreRocks,ShoreRocks,Stone_Shore_125,143.54,62.65,3.90,8.6,1.0000
ShoreRocks,ShoreRocks,Stone_Shore_127,159.01,62.50,-6.87,189.4,1.0000
ShoreRocks,ShoreRocks,Stone_Shore_128,162.08,65.18,-9.30,176.2,1.0000
ShoreRocks,ShoreRocks,Stone_Shore_110,59.66,107.67,-33.33,82.1,1.0000
ShoreRocks,ShoreRocks,Stone_Shore_111,54.00,112.06,-14.00,232.1,1.0000
ShoreRocks,ShoreRocks,Stone_Shore_137,191.75,18.60,-16.64,232.7,1.0000
ShoreRocks,ShoreRocks,Stone_Shore_112,51.15,108.80,-17.63,38.8,1.0000
ShoreRocks,ShoreRocks,Stone_Shore_113,51.35,112.06,-12.17,257.1,1.0000
ShoreRocks,ShoreRocks,Stone_Shore_130,166.00,62.21,14.00,85.1,1.0000
ShoreRocks,ShoreRocks,Stone_Shore_129,162.46,59.69,-1.24,302.8,1.0000
ShoreRocks,ShoreRocks,Stone_Shore_114,54.97,112.66,-8.90,150.8,1.0000
ShoreRocks,ShoreRocks,Stone_Shore_50,-275.92,173.45,1.03,127.1,1.0000
ShoreRocks,ShoreRocks,Stone_Shore_134,190.00,20.29,-22.00,334.0,1.0000
ShoreRocks,ShoreRocks,Stone_Shore_133,162.13,60.85,14.32,68.8,1.0000
ShoreRocks,ShoreRocks,Stone_Shore_132,165.37,59.76,10.87,217.2,1.0000
ShoreRocks,ShoreRocks,Stone_Shore_131,167.36,60.10,19.28,220.4,1.0000
ShoreRocks,ShoreRocks,Stone_Shore_49,-271.31,173.76,4.40,196.5,1.0000
ShoreRocks,ShoreRocks,Stone_Shore_8,-227.15,173.40,-6.98,229.5,1.0000
ShoreRocks,ShoreRocks,Stone_Shore_5,-226.06,171.97,-1.75,136.6,1.0000
ShoreRocks,ShoreRocks,Stone_Shore_6,-230.01,171.14,0.05,165.2,1.0000
ShoreRocks,ShoreRocks,Stone_Shore_135,195.22,16.10,-26.11,81.0,1.0000
ShoreRocks,ShoreRocks,Stone_Shore_7,-230.11,176.63,6.17,337.4,1.0000
ShoreRocks,ShoreRocks,Stone_Shore_10,210.00,11.75,-10.00,286.1,1.0000
ShoreRocks,ShoreRocks,Stone_Shore_23,-400.59,213.31,0.61,13.9,1.0000
ShoreRocks,ShoreRocks,Stone_Shore_4,188.97,47.04,0.59,261.9,1.0000
ShoreRocks,ShoreRocks,Stone_Shore_1,194.00,49.60,2.00,126.8,1.0000
ShoreRocks,ShoreRocks,Stone_Shore_25,-395.64,209.32,-5.93,317.1,1.0000
ShoreRocks,ShoreRocks,Stone_Shore_16,110.03,83.67,-22.12,181.0,1.0000
ShoreRocks,ShoreRocks,Stone_Shore_98,22.00,105.04,-38.00,74.8,1.0000
ShoreRocks,ShoreRocks,Stone_Shore_15,105.83,86.69,-27.57,182.5,1.0000
ShoreRocks,ShoreRocks,Stone_Shore_24,-398.75,213.47,2.65,32.2,1.0000
ShoreRocks,ShoreRocks,Stone_Shore_102,34.00,111.77,-22.00,158.4,1.0000
ShoreRocks,ShoreRocks,Stone_Shore_106,54.00,111.04,-34.00,126.9,1.0000
ShoreRocks,ShoreRocks,Stone_Shore_18,-232.89,174.65,-15.54,269.8,1.0000
ShoreRocks,ShoreRocks,Stone_Shore_103,28.68,112.18,-18.01,48.8,1.0000
ShoreRocks,ShoreRocks,Stone_Shore_14,106.00,87.05,-22.00,231.2,1.0000
ShoreRocks,ShoreRocks,Stone_Shore_45,-284.91,173.53,-11.14,84.9,1.0000
ShoreRocks,ShoreRocks,Stone_Shore_43,-290.00,178.37,-14.00,229.1,1.0000
ShoreRocks,ShoreRocks,Stone_Shore_47,-278.00,175.61,6.00,293.1,1.0000
ShoreRocks,ShoreRocks,Stone_Shore_54,-273.05,175.54,-20.91,64.4,1.0000
ShoreRocks,ShoreRocks,Stone_Shore_44,-283.67,176.75,-17.18,39.3,1.0000
ShoreRocks,ShoreRocks,Stone_Shore_104,31.90,111.27,-19.11,245.5,1.0000
ShoreRocks,ShoreRocks,Stone_Shore_55,-275.79,176.69,-21.80,218.8,1.0000
ShoreRocks,ShoreRocks,Stone_Shore_19,-237.68,173.75,-19.29,115.7,1.0000
ShoreRocks,ShoreRocks,Stone_Shore_53,-261.49,174.55,-25.01,107.4,1.0000
ShoreRocks,ShoreRocks,Stone_Shore_51,-270.00,175.45,-22.00,278.9,1.0000
ShoreRocks,ShoreRocks,Stone_Shore_107,58.72,107.13,-30.36,88.8,1.0000
ShoreRocks,ShoreRocks,Stone_Shore_52,-265.95,174.45,-20.40,169.3,1.0000
ShoreRocks,ShoreRocks,Stone_Shore_35,-406.00,210.78,-38.00,19.2,1.0000
ShoreRocks,ShoreRocks,Stone_Shore_85,-55.70,112.20,7.20,337.1,1.0000
ShoreRocks,ShoreRocks,Stone_Shore_37,-403.74,217.16,-41.84,143.7,1.0000
ShoreRocks,ShoreRocks,Stone_Shore_58,-254.13,173.62,15.58,235.9,1.0000
ShoreRocks,ShoreRocks,Stone_Shore_65,-250.63,173.34,-23.35,136.0,1.0000
ShoreRocks,ShoreRocks,Stone_Shore_83,-50.00,112.61,6.00,86.6,1.0000
ShoreRocks,ShoreRocks,Stone_Shore_64,-248.37,175.54,-29.63,295.1,1.0000
ShoreRocks,ShoreRocks,Stone_Shore_17,111.49,84.77,-27.66,181.0,1.0000
ShoreRocks,ShoreRocks,Stone_Shore_86,-48.33,107.21,2.83,224.2,1.0000
ShoreRocks,ShoreRocks,Stone_Shore_36,-402.71,209.64,-36.93,129.6,1.0000
ShoreRocks,ShoreRocks,Stone_Shore_62,-250.00,174.99,-26.00,154.9,1.0000
ShoreRocks,ShoreRocks,Stone_Shore_41,-385.01,212.44,-20.84,34.2,1.0000
ShoreRocks,ShoreRocks,Stone_Shore_87,-38.00,117.03,-38.00,103.9,1.0000
ShoreRocks,ShoreRocks,Stone_Shore_48,-274.35,173.68,3.96,78.5,1.0000
ShoreRocks,ShoreRocks,Stone_Shore_63,-255.60,175.13,-27.41,63.3,1.0000
ShoreRocks,ShoreRocks,Stone_Shore_40,-387.67,211.80,-24.27,352.2,1.0000
ShoreRocks,ShoreRocks,Stone_Shore_46,-284.43,174.51,-14.61,315.5,1.0000
ShoreRocks,ShoreRocks,Stone_Shore_94,2.00,106.50,-30.00,260.2,1.0000
ShoreRocks,ShoreRocks,Stone_Shore_95,5.92,106.11,-26.21,319.3,1.0000
